"","year","shower_name","active_start","peak_date","active_end","active_date_label","peak_date_label","zhr","intensity"
"1",2000,"Delta Aquariids",2000-07-12,2000-07-30,2000-08-23,"Jul 12 - Aug 23","Jul 30",25,"Low"
"2",2000,"Draconids",2000-10-06,2000-10-08,2000-10-10,"Oct 06 - Oct 10","Oct 08",10,"Very Low"
"3",2000,"Eta Aquariids",2000-04-19,2000-05-06,2000-05-28,"Apr 19 - May 28","May 06",50,"Moderate"
"4",2000,"Geminids",2000-12-04,2000-12-14,2000-12-20,"Dec 04 - Dec 20","Dec 14",150,"Very High"
"5",2000,"Leonids",2000-11-06,2000-11-17,2000-11-30,"Nov 06 - Nov 30","Nov 17",15,"Low"
"6",2000,"Lyrids",2000-04-15,2000-04-22,2000-04-29,"Apr 15 - Apr 29","Apr 22",18,"Low"
"7",2000,"Northern Taurids",2000-10-13,2000-11-12,2000-12-02,"Oct 13 - Dec 02","Nov 12",5,"Very Low"
"8",2000,"Orionids",2000-10-02,2000-10-22,2000-11-07,"Oct 02 - Nov 07","Oct 22",20,"Low"
"9",2000,"Perseids",2000-07-17,2000-08-12,2000-08-24,"Jul 17 - Aug 24","Aug 12",100,"High"
"10",2000,"Quadrantids",2000-01-01,2000-01-03,2000-01-05,"Jan 01 - Jan 05","Jan 03",120,"Very High"
"11",2000,"Southern Taurids",2000-09-23,2000-10-10,2000-11-27,"Sep 23 - Nov 27","Oct 10",5,"Very Low"
"12",2000,"Ursids",2000-12-17,2000-12-22,2000-12-26,"Dec 17 - Dec 26","Dec 22",10,"Very Low"
"13",2001,"Delta Aquariids",2001-07-12,2001-07-30,2001-08-23,"Jul 12 - Aug 23","Jul 30",25,"Low"
"14",2001,"Draconids",2001-10-06,2001-10-08,2001-10-10,"Oct 06 - Oct 10","Oct 08",10,"Very Low"
"15",2001,"Eta Aquariids",2001-04-19,2001-05-06,2001-05-28,"Apr 19 - May 28","May 06",50,"Moderate"
"16",2001,"Geminids",2001-12-04,2001-12-14,2001-12-20,"Dec 04 - Dec 20","Dec 14",150,"Very High"
"17",2001,"Leonids",2001-11-06,2001-11-17,2001-11-30,"Nov 06 - Nov 30","Nov 17",15,"Low"
"18",2001,"Lyrids",2001-04-15,2001-04-22,2001-04-29,"Apr 15 - Apr 29","Apr 22",18,"Low"
"19",2001,"Northern Taurids",2001-10-13,2001-11-12,2001-12-02,"Oct 13 - Dec 02","Nov 12",5,"Very Low"
"20",2001,"Orionids",2001-10-02,2001-10-22,2001-11-07,"Oct 02 - Nov 07","Oct 22",20,"Low"
"21",2001,"Perseids",2001-07-17,2001-08-12,2001-08-24,"Jul 17 - Aug 24","Aug 12",100,"High"
"22",2001,"Quadrantids",2001-01-01,2001-01-03,2001-01-05,"Jan 01 - Jan 05","Jan 03",120,"Very High"
"23",2001,"Southern Taurids",2001-09-23,2001-10-10,2001-11-27,"Sep 23 - Nov 27","Oct 10",5,"Very Low"
"24",2001,"Ursids",2001-12-17,2001-12-22,2001-12-26,"Dec 17 - Dec 26","Dec 22",10,"Very Low"
"25",2002,"Delta Aquariids",2002-07-12,2002-07-30,2002-08-23,"Jul 12 - Aug 23","Jul 30",25,"Low"
"26",2002,"Draconids",2002-10-06,2002-10-08,2002-10-10,"Oct 06 - Oct 10","Oct 08",10,"Very Low"
"27",2002,"Eta Aquariids",2002-04-19,2002-05-06,2002-05-28,"Apr 19 - May 28","May 06",50,"Moderate"
"28",2002,"Geminids",2002-12-04,2002-12-14,2002-12-20,"Dec 04 - Dec 20","Dec 14",150,"Very High"
"29",2002,"Leonids",2002-11-06,2002-11-17,2002-11-30,"Nov 06 - Nov 30","Nov 17",15,"Low"
"30",2002,"Lyrids",2002-04-15,2002-04-22,2002-04-29,"Apr 15 - Apr 29","Apr 22",18,"Low"
"31",2002,"Northern Taurids",2002-10-13,2002-11-12,2002-12-02,"Oct 13 - Dec 02","Nov 12",5,"Very Low"
"32",2002,"Orionids",2002-10-02,2002-10-22,2002-11-07,"Oct 02 - Nov 07","Oct 22",20,"Low"
"33",2002,"Perseids",2002-07-17,2002-08-12,2002-08-24,"Jul 17 - Aug 24","Aug 12",100,"High"
"34",2002,"Quadrantids",2002-01-01,2002-01-03,2002-01-05,"Jan 01 - Jan 05","Jan 03",120,"Very High"
"35",2002,"Southern Taurids",2002-09-23,2002-10-10,2002-11-27,"Sep 23 - Nov 27","Oct 10",5,"Very Low"
"36",2002,"Ursids",2002-12-17,2002-12-22,2002-12-26,"Dec 17 - Dec 26","Dec 22",10,"Very Low"
"37",2003,"Delta Aquariids",2003-07-12,2003-07-30,2003-08-23,"Jul 12 - Aug 23","Jul 30",25,"Low"
"38",2003,"Draconids",2003-10-06,2003-10-08,2003-10-10,"Oct 06 - Oct 10","Oct 08",10,"Very Low"
"39",2003,"Eta Aquariids",2003-04-19,2003-05-06,2003-05-28,"Apr 19 - May 28","May 06",50,"Moderate"
"40",2003,"Geminids",2003-12-04,2003-12-14,2003-12-20,"Dec 04 - Dec 20","Dec 14",150,"Very High"
"41",2003,"Leonids",2003-11-06,2003-11-17,2003-11-30,"Nov 06 - Nov 30","Nov 17",15,"Low"
"42",2003,"Lyrids",2003-04-15,2003-04-22,2003-04-29,"Apr 15 - Apr 29","Apr 22",18,"Low"
"43",2003,"Northern Taurids",2003-10-13,2003-11-12,2003-12-02,"Oct 13 - Dec 02","Nov 12",5,"Very Low"
"44",2003,"Orionids",2003-10-02,2003-10-22,2003-11-07,"Oct 02 - Nov 07","Oct 22",20,"Low"
"45",2003,"Perseids",2003-07-17,2003-08-12,2003-08-24,"Jul 17 - Aug 24","Aug 12",100,"High"
"46",2003,"Quadrantids",2003-01-01,2003-01-03,2003-01-05,"Jan 01 - Jan 05","Jan 03",120,"Very High"
"47",2003,"Southern Taurids",2003-09-23,2003-10-10,2003-11-27,"Sep 23 - Nov 27","Oct 10",5,"Very Low"
"48",2003,"Ursids",2003-12-17,2003-12-22,2003-12-26,"Dec 17 - Dec 26","Dec 22",10,"Very Low"
"49",2004,"Delta Aquariids",2004-07-12,2004-07-30,2004-08-23,"Jul 12 - Aug 23","Jul 30",25,"Low"
"50",2004,"Draconids",2004-10-06,2004-10-08,2004-10-10,"Oct 06 - Oct 10","Oct 08",10,"Very Low"
"51",2004,"Eta Aquariids",2004-04-19,2004-05-06,2004-05-28,"Apr 19 - May 28","May 06",50,"Moderate"
"52",2004,"Geminids",2004-12-04,2004-12-14,2004-12-20,"Dec 04 - Dec 20","Dec 14",150,"Very High"
"53",2004,"Leonids",2004-11-06,2004-11-17,2004-11-30,"Nov 06 - Nov 30","Nov 17",15,"Low"
"54",2004,"Lyrids",2004-04-15,2004-04-22,2004-04-29,"Apr 15 - Apr 29","Apr 22",18,"Low"
"55",2004,"Northern Taurids",2004-10-13,2004-11-12,2004-12-02,"Oct 13 - Dec 02","Nov 12",5,"Very Low"
"56",2004,"Orionids",2004-10-02,2004-10-22,2004-11-07,"Oct 02 - Nov 07","Oct 22",20,"Low"
"57",2004,"Perseids",2004-07-17,2004-08-12,2004-08-24,"Jul 17 - Aug 24","Aug 12",100,"High"
"58",2004,"Quadrantids",2004-01-01,2004-01-03,2004-01-05,"Jan 01 - Jan 05","Jan 03",120,"Very High"
"59",2004,"Southern Taurids",2004-09-23,2004-10-10,2004-11-27,"Sep 23 - Nov 27","Oct 10",5,"Very Low"
"60",2004,"Ursids",2004-12-17,2004-12-22,2004-12-26,"Dec 17 - Dec 26","Dec 22",10,"Very Low"
"61",2005,"Delta Aquariids",2005-07-12,2005-07-30,2005-08-23,"Jul 12 - Aug 23","Jul 30",25,"Low"
"62",2005,"Draconids",2005-10-06,2005-10-08,2005-10-10,"Oct 06 - Oct 10","Oct 08",10,"Very Low"
"63",2005,"Eta Aquariids",2005-04-19,2005-05-06,2005-05-28,"Apr 19 - May 28","May 06",50,"Moderate"
"64",2005,"Geminids",2005-12-04,2005-12-14,2005-12-20,"Dec 04 - Dec 20","Dec 14",150,"Very High"
"65",2005,"Leonids",2005-11-06,2005-11-17,2005-11-30,"Nov 06 - Nov 30","Nov 17",15,"Low"
"66",2005,"Lyrids",2005-04-15,2005-04-22,2005-04-29,"Apr 15 - Apr 29","Apr 22",18,"Low"
"67",2005,"Northern Taurids",2005-10-13,2005-11-12,2005-12-02,"Oct 13 - Dec 02","Nov 12",5,"Very Low"
"68",2005,"Orionids",2005-10-02,2005-10-22,2005-11-07,"Oct 02 - Nov 07","Oct 22",20,"Low"
"69",2005,"Perseids",2005-07-17,2005-08-12,2005-08-24,"Jul 17 - Aug 24","Aug 12",100,"High"
"70",2005,"Quadrantids",2005-01-01,2005-01-03,2005-01-05,"Jan 01 - Jan 05","Jan 03",120,"Very High"
"71",2005,"Southern Taurids",2005-09-23,2005-10-10,2005-11-27,"Sep 23 - Nov 27","Oct 10",5,"Very Low"
"72",2005,"Ursids",2005-12-17,2005-12-22,2005-12-26,"Dec 17 - Dec 26","Dec 22",10,"Very Low"
"73",2006,"Delta Aquariids",2006-07-12,2006-07-30,2006-08-23,"Jul 12 - Aug 23","Jul 30",25,"Low"
"74",2006,"Draconids",2006-10-06,2006-10-08,2006-10-10,"Oct 06 - Oct 10","Oct 08",10,"Very Low"
"75",2006,"Eta Aquariids",2006-04-19,2006-05-06,2006-05-28,"Apr 19 - May 28","May 06",50,"Moderate"
"76",2006,"Geminids",2006-12-04,2006-12-14,2006-12-20,"Dec 04 - Dec 20","Dec 14",150,"Very High"
"77",2006,"Leonids",2006-11-06,2006-11-17,2006-11-30,"Nov 06 - Nov 30","Nov 17",15,"Low"
"78",2006,"Lyrids",2006-04-15,2006-04-22,2006-04-29,"Apr 15 - Apr 29","Apr 22",18,"Low"
"79",2006,"Northern Taurids",2006-10-13,2006-11-12,2006-12-02,"Oct 13 - Dec 02","Nov 12",5,"Very Low"
"80",2006,"Orionids",2006-10-02,2006-10-22,2006-11-07,"Oct 02 - Nov 07","Oct 22",20,"Low"
"81",2006,"Perseids",2006-07-17,2006-08-12,2006-08-24,"Jul 17 - Aug 24","Aug 12",100,"High"
"82",2006,"Quadrantids",2006-01-01,2006-01-03,2006-01-05,"Jan 01 - Jan 05","Jan 03",120,"Very High"
"83",2006,"Southern Taurids",2006-09-23,2006-10-10,2006-11-27,"Sep 23 - Nov 27","Oct 10",5,"Very Low"
"84",2006,"Ursids",2006-12-17,2006-12-22,2006-12-26,"Dec 17 - Dec 26","Dec 22",10,"Very Low"
"85",2007,"Delta Aquariids",2007-07-12,2007-07-30,2007-08-23,"Jul 12 - Aug 23","Jul 30",25,"Low"
"86",2007,"Draconids",2007-10-06,2007-10-08,2007-10-10,"Oct 06 - Oct 10","Oct 08",10,"Very Low"
"87",2007,"Eta Aquariids",2007-04-19,2007-05-06,2007-05-28,"Apr 19 - May 28","May 06",50,"Moderate"
"88",2007,"Geminids",2007-12-04,2007-12-14,2007-12-20,"Dec 04 - Dec 20","Dec 14",150,"Very High"
"89",2007,"Leonids",2007-11-06,2007-11-17,2007-11-30,"Nov 06 - Nov 30","Nov 17",15,"Low"
"90",2007,"Lyrids",2007-04-15,2007-04-22,2007-04-29,"Apr 15 - Apr 29","Apr 22",18,"Low"
"91",2007,"Northern Taurids",2007-10-13,2007-11-12,2007-12-02,"Oct 13 - Dec 02","Nov 12",5,"Very Low"
"92",2007,"Orionids",2007-10-02,2007-10-22,2007-11-07,"Oct 02 - Nov 07","Oct 22",20,"Low"
"93",2007,"Perseids",2007-07-17,2007-08-12,2007-08-24,"Jul 17 - Aug 24","Aug 12",100,"High"
"94",2007,"Quadrantids",2007-01-01,2007-01-03,2007-01-05,"Jan 01 - Jan 05","Jan 03",120,"Very High"
"95",2007,"Southern Taurids",2007-09-23,2007-10-10,2007-11-27,"Sep 23 - Nov 27","Oct 10",5,"Very Low"
"96",2007,"Ursids",2007-12-17,2007-12-22,2007-12-26,"Dec 17 - Dec 26","Dec 22",10,"Very Low"
"97",2008,"Delta Aquariids",2008-07-12,2008-07-30,2008-08-23,"Jul 12 - Aug 23","Jul 30",25,"Low"
"98",2008,"Draconids",2008-10-06,2008-10-08,2008-10-10,"Oct 06 - Oct 10","Oct 08",10,"Very Low"
"99",2008,"Eta Aquariids",2008-04-19,2008-05-06,2008-05-28,"Apr 19 - May 28","May 06",50,"Moderate"
"100",2008,"Geminids",2008-12-04,2008-12-14,2008-12-20,"Dec 04 - Dec 20","Dec 14",150,"Very High"
"101",2008,"Leonids",2008-11-06,2008-11-17,2008-11-30,"Nov 06 - Nov 30","Nov 17",15,"Low"
"102",2008,"Lyrids",2008-04-15,2008-04-22,2008-04-29,"Apr 15 - Apr 29","Apr 22",18,"Low"
"103",2008,"Northern Taurids",2008-10-13,2008-11-12,2008-12-02,"Oct 13 - Dec 02","Nov 12",5,"Very Low"
"104",2008,"Orionids",2008-10-02,2008-10-22,2008-11-07,"Oct 02 - Nov 07","Oct 22",20,"Low"
"105",2008,"Perseids",2008-07-17,2008-08-12,2008-08-24,"Jul 17 - Aug 24","Aug 12",100,"High"
"106",2008,"Quadrantids",2008-01-01,2008-01-03,2008-01-05,"Jan 01 - Jan 05","Jan 03",120,"Very High"
"107",2008,"Southern Taurids",2008-09-23,2008-10-10,2008-11-27,"Sep 23 - Nov 27","Oct 10",5,"Very Low"
"108",2008,"Ursids",2008-12-17,2008-12-22,2008-12-26,"Dec 17 - Dec 26","Dec 22",10,"Very Low"
"109",2009,"Delta Aquariids",2009-07-12,2009-07-30,2009-08-23,"Jul 12 - Aug 23","Jul 30",25,"Low"
"110",2009,"Draconids",2009-10-06,2009-10-08,2009-10-10,"Oct 06 - Oct 10","Oct 08",10,"Very Low"
"111",2009,"Eta Aquariids",2009-04-19,2009-05-06,2009-05-28,"Apr 19 - May 28","May 06",50,"Moderate"
"112",2009,"Geminids",2009-12-04,2009-12-14,2009-12-20,"Dec 04 - Dec 20","Dec 14",150,"Very High"
"113",2009,"Leonids",2009-11-06,2009-11-17,2009-11-30,"Nov 06 - Nov 30","Nov 17",15,"Low"
"114",2009,"Lyrids",2009-04-15,2009-04-22,2009-04-29,"Apr 15 - Apr 29","Apr 22",18,"Low"
"115",2009,"Northern Taurids",2009-10-13,2009-11-12,2009-12-02,"Oct 13 - Dec 02","Nov 12",5,"Very Low"
"116",2009,"Orionids",2009-10-02,2009-10-22,2009-11-07,"Oct 02 - Nov 07","Oct 22",20,"Low"
"117",2009,"Perseids",2009-07-17,2009-08-12,2009-08-24,"Jul 17 - Aug 24","Aug 12",100,"High"
"118",2009,"Quadrantids",2009-01-01,2009-01-03,2009-01-05,"Jan 01 - Jan 05","Jan 03",120,"Very High"
"119",2009,"Southern Taurids",2009-09-23,2009-10-10,2009-11-27,"Sep 23 - Nov 27","Oct 10",5,"Very Low"
"120",2009,"Ursids",2009-12-17,2009-12-22,2009-12-26,"Dec 17 - Dec 26","Dec 22",10,"Very Low"
"121",2010,"Delta Aquariids",2010-07-12,2010-07-30,2010-08-23,"Jul 12 - Aug 23","Jul 30",25,"Low"
"122",2010,"Draconids",2010-10-06,2010-10-08,2010-10-10,"Oct 06 - Oct 10","Oct 08",10,"Very Low"
"123",2010,"Eta Aquariids",2010-04-19,2010-05-06,2010-05-28,"Apr 19 - May 28","May 06",50,"Moderate"
"124",2010,"Geminids",2010-12-04,2010-12-14,2010-12-20,"Dec 04 - Dec 20","Dec 14",150,"Very High"
"125",2010,"Leonids",2010-11-06,2010-11-17,2010-11-30,"Nov 06 - Nov 30","Nov 17",15,"Low"
"126",2010,"Lyrids",2010-04-15,2010-04-22,2010-04-29,"Apr 15 - Apr 29","Apr 22",18,"Low"
"127",2010,"Northern Taurids",2010-10-13,2010-11-12,2010-12-02,"Oct 13 - Dec 02","Nov 12",5,"Very Low"
"128",2010,"Orionids",2010-10-02,2010-10-22,2010-11-07,"Oct 02 - Nov 07","Oct 22",20,"Low"
"129",2010,"Perseids",2010-07-17,2010-08-12,2010-08-24,"Jul 17 - Aug 24","Aug 12",100,"High"
"130",2010,"Quadrantids",2010-01-01,2010-01-03,2010-01-05,"Jan 01 - Jan 05","Jan 03",120,"Very High"
"131",2010,"Southern Taurids",2010-09-23,2010-10-10,2010-11-27,"Sep 23 - Nov 27","Oct 10",5,"Very Low"
"132",2010,"Ursids",2010-12-17,2010-12-22,2010-12-26,"Dec 17 - Dec 26","Dec 22",10,"Very Low"
"133",2011,"Delta Aquariids",2011-07-12,2011-07-30,2011-08-23,"Jul 12 - Aug 23","Jul 30",25,"Low"
"134",2011,"Draconids",2011-10-06,2011-10-08,2011-10-10,"Oct 06 - Oct 10","Oct 08",10,"Very Low"
"135",2011,"Eta Aquariids",2011-04-19,2011-05-06,2011-05-28,"Apr 19 - May 28","May 06",50,"Moderate"
"136",2011,"Geminids",2011-12-04,2011-12-14,2011-12-20,"Dec 04 - Dec 20","Dec 14",150,"Very High"
"137",2011,"Leonids",2011-11-06,2011-11-17,2011-11-30,"Nov 06 - Nov 30","Nov 17",15,"Low"
"138",2011,"Lyrids",2011-04-15,2011-04-22,2011-04-29,"Apr 15 - Apr 29","Apr 22",18,"Low"
"139",2011,"Northern Taurids",2011-10-13,2011-11-12,2011-12-02,"Oct 13 - Dec 02","Nov 12",5,"Very Low"
"140",2011,"Orionids",2011-10-02,2011-10-22,2011-11-07,"Oct 02 - Nov 07","Oct 22",20,"Low"
"141",2011,"Perseids",2011-07-17,2011-08-12,2011-08-24,"Jul 17 - Aug 24","Aug 12",100,"High"
"142",2011,"Quadrantids",2011-01-01,2011-01-03,2011-01-05,"Jan 01 - Jan 05","Jan 03",120,"Very High"
"143",2011,"Southern Taurids",2011-09-23,2011-10-10,2011-11-27,"Sep 23 - Nov 27","Oct 10",5,"Very Low"
"144",2011,"Ursids",2011-12-17,2011-12-22,2011-12-26,"Dec 17 - Dec 26","Dec 22",10,"Very Low"
"145",2012,"Delta Aquariids",2012-07-12,2012-07-30,2012-08-23,"Jul 12 - Aug 23","Jul 30",25,"Low"
"146",2012,"Draconids",2012-10-06,2012-10-08,2012-10-10,"Oct 06 - Oct 10","Oct 08",10,"Very Low"
"147",2012,"Eta Aquariids",2012-04-19,2012-05-06,2012-05-28,"Apr 19 - May 28","May 06",50,"Moderate"
"148",2012,"Geminids",2012-12-04,2012-12-14,2012-12-20,"Dec 04 - Dec 20","Dec 14",150,"Very High"
"149",2012,"Leonids",2012-11-06,2012-11-17,2012-11-30,"Nov 06 - Nov 30","Nov 17",15,"Low"
"150",2012,"Lyrids",2012-04-15,2012-04-22,2012-04-29,"Apr 15 - Apr 29","Apr 22",18,"Low"
"151",2012,"Northern Taurids",2012-10-13,2012-11-12,2012-12-02,"Oct 13 - Dec 02","Nov 12",5,"Very Low"
"152",2012,"Orionids",2012-10-02,2012-10-22,2012-11-07,"Oct 02 - Nov 07","Oct 22",20,"Low"
"153",2012,"Perseids",2012-07-17,2012-08-12,2012-08-24,"Jul 17 - Aug 24","Aug 12",100,"High"
"154",2012,"Quadrantids",2012-01-01,2012-01-03,2012-01-05,"Jan 01 - Jan 05","Jan 03",120,"Very High"
"155",2012,"Southern Taurids",2012-09-23,2012-10-10,2012-11-27,"Sep 23 - Nov 27","Oct 10",5,"Very Low"
"156",2012,"Ursids",2012-12-17,2012-12-22,2012-12-26,"Dec 17 - Dec 26","Dec 22",10,"Very Low"
"157",2013,"Delta Aquariids",2013-07-12,2013-07-30,2013-08-23,"Jul 12 - Aug 23","Jul 30",25,"Low"
"158",2013,"Draconids",2013-10-06,2013-10-08,2013-10-10,"Oct 06 - Oct 10","Oct 08",10,"Very Low"
"159",2013,"Eta Aquariids",2013-04-19,2013-05-06,2013-05-28,"Apr 19 - May 28","May 06",50,"Moderate"
"160",2013,"Geminids",2013-12-04,2013-12-14,2013-12-20,"Dec 04 - Dec 20","Dec 14",150,"Very High"
"161",2013,"Leonids",2013-11-06,2013-11-17,2013-11-30,"Nov 06 - Nov 30","Nov 17",15,"Low"
"162",2013,"Lyrids",2013-04-15,2013-04-22,2013-04-29,"Apr 15 - Apr 29","Apr 22",18,"Low"
"163",2013,"Northern Taurids",2013-10-13,2013-11-12,2013-12-02,"Oct 13 - Dec 02","Nov 12",5,"Very Low"
"164",2013,"Orionids",2013-10-02,2013-10-22,2013-11-07,"Oct 02 - Nov 07","Oct 22",20,"Low"
"165",2013,"Perseids",2013-07-17,2013-08-12,2013-08-24,"Jul 17 - Aug 24","Aug 12",100,"High"
"166",2013,"Quadrantids",2013-01-01,2013-01-03,2013-01-05,"Jan 01 - Jan 05","Jan 03",120,"Very High"
"167",2013,"Southern Taurids",2013-09-23,2013-10-10,2013-11-27,"Sep 23 - Nov 27","Oct 10",5,"Very Low"
"168",2013,"Ursids",2013-12-17,2013-12-22,2013-12-26,"Dec 17 - Dec 26","Dec 22",10,"Very Low"
"169",2014,"Delta Aquariids",2014-07-12,2014-07-30,2014-08-23,"Jul 12 - Aug 23","Jul 30",25,"Low"
"170",2014,"Draconids",2014-10-06,2014-10-08,2014-10-10,"Oct 06 - Oct 10","Oct 08",10,"Very Low"
"171",2014,"Eta Aquariids",2014-04-19,2014-05-06,2014-05-28,"Apr 19 - May 28","May 06",50,"Moderate"
"172",2014,"Geminids",2014-12-04,2014-12-14,2014-12-20,"Dec 04 - Dec 20","Dec 14",150,"Very High"
"173",2014,"Leonids",2014-11-06,2014-11-17,2014-11-30,"Nov 06 - Nov 30","Nov 17",15,"Low"
"174",2014,"Lyrids",2014-04-15,2014-04-22,2014-04-29,"Apr 15 - Apr 29","Apr 22",18,"Low"
"175",2014,"Northern Taurids",2014-10-13,2014-11-12,2014-12-02,"Oct 13 - Dec 02","Nov 12",5,"Very Low"
"176",2014,"Orionids",2014-10-02,2014-10-22,2014-11-07,"Oct 02 - Nov 07","Oct 22",20,"Low"
"177",2014,"Perseids",2014-07-17,2014-08-12,2014-08-24,"Jul 17 - Aug 24","Aug 12",100,"High"
"178",2014,"Quadrantids",2014-01-01,2014-01-03,2014-01-05,"Jan 01 - Jan 05","Jan 03",120,"Very High"
"179",2014,"Southern Taurids",2014-09-23,2014-10-10,2014-11-27,"Sep 23 - Nov 27","Oct 10",5,"Very Low"
"180",2014,"Ursids",2014-12-17,2014-12-22,2014-12-26,"Dec 17 - Dec 26","Dec 22",10,"Very Low"
"181",2015,"Delta Aquariids",2015-07-12,2015-07-30,2015-08-23,"Jul 12 - Aug 23","Jul 30",25,"Low"
"182",2015,"Draconids",2015-10-06,2015-10-08,2015-10-10,"Oct 06 - Oct 10","Oct 08",10,"Very Low"
"183",2015,"Eta Aquariids",2015-04-19,2015-05-06,2015-05-28,"Apr 19 - May 28","May 06",50,"Moderate"
"184",2015,"Geminids",2015-12-04,2015-12-14,2015-12-20,"Dec 04 - Dec 20","Dec 14",150,"Very High"
"185",2015,"Leonids",2015-11-06,2015-11-17,2015-11-30,"Nov 06 - Nov 30","Nov 17",15,"Low"
"186",2015,"Lyrids",2015-04-15,2015-04-22,2015-04-29,"Apr 15 - Apr 29","Apr 22",18,"Low"
"187",2015,"Northern Taurids",2015-10-13,2015-11-12,2015-12-02,"Oct 13 - Dec 02","Nov 12",5,"Very Low"
"188",2015,"Orionids",2015-10-02,2015-10-22,2015-11-07,"Oct 02 - Nov 07","Oct 22",20,"Low"
"189",2015,"Perseids",2015-07-17,2015-08-12,2015-08-24,"Jul 17 - Aug 24","Aug 12",100,"High"
"190",2015,"Quadrantids",2015-01-01,2015-01-03,2015-01-05,"Jan 01 - Jan 05","Jan 03",120,"Very High"
"191",2015,"Southern Taurids",2015-09-23,2015-10-10,2015-11-27,"Sep 23 - Nov 27","Oct 10",5,"Very Low"
"192",2015,"Ursids",2015-12-17,2015-12-22,2015-12-26,"Dec 17 - Dec 26","Dec 22",10,"Very Low"
"193",2016,"Delta Aquariids",2016-07-12,2016-07-30,2016-08-23,"Jul 12 - Aug 23","Jul 30",25,"Low"
"194",2016,"Draconids",2016-10-06,2016-10-08,2016-10-10,"Oct 06 - Oct 10","Oct 08",10,"Very Low"
"195",2016,"Eta Aquariids",2016-04-19,2016-05-06,2016-05-28,"Apr 19 - May 28","May 06",50,"Moderate"
"196",2016,"Geminids",2016-12-04,2016-12-14,2016-12-20,"Dec 04 - Dec 20","Dec 14",150,"Very High"
"197",2016,"Leonids",2016-11-06,2016-11-17,2016-11-30,"Nov 06 - Nov 30","Nov 17",15,"Low"
"198",2016,"Lyrids",2016-04-15,2016-04-22,2016-04-29,"Apr 15 - Apr 29","Apr 22",18,"Low"
"199",2016,"Northern Taurids",2016-10-13,2016-11-12,2016-12-02,"Oct 13 - Dec 02","Nov 12",5,"Very Low"
"200",2016,"Orionids",2016-10-02,2016-10-22,2016-11-07,"Oct 02 - Nov 07","Oct 22",20,"Low"
"201",2016,"Perseids",2016-07-17,2016-08-12,2016-08-24,"Jul 17 - Aug 24","Aug 12",100,"High"
"202",2016,"Quadrantids",2016-01-01,2016-01-03,2016-01-05,"Jan 01 - Jan 05","Jan 03",120,"Very High"
"203",2016,"Southern Taurids",2016-09-23,2016-10-10,2016-11-27,"Sep 23 - Nov 27","Oct 10",5,"Very Low"
"204",2016,"Ursids",2016-12-17,2016-12-22,2016-12-26,"Dec 17 - Dec 26","Dec 22",10,"Very Low"
"205",2017,"Delta Aquariids",2017-07-12,2017-07-30,2017-08-23,"Jul 12 - Aug 23","Jul 30",25,"Low"
"206",2017,"Draconids",2017-10-06,2017-10-08,2017-10-10,"Oct 06 - Oct 10","Oct 08",10,"Very Low"
"207",2017,"Eta Aquariids",2017-04-19,2017-05-06,2017-05-28,"Apr 19 - May 28","May 06",50,"Moderate"
"208",2017,"Geminids",2017-12-04,2017-12-14,2017-12-20,"Dec 04 - Dec 20","Dec 14",150,"Very High"
"209",2017,"Leonids",2017-11-06,2017-11-17,2017-11-30,"Nov 06 - Nov 30","Nov 17",15,"Low"
"210",2017,"Lyrids",2017-04-15,2017-04-22,2017-04-29,"Apr 15 - Apr 29","Apr 22",18,"Low"
"211",2017,"Northern Taurids",2017-10-13,2017-11-12,2017-12-02,"Oct 13 - Dec 02","Nov 12",5,"Very Low"
"212",2017,"Orionids",2017-10-02,2017-10-22,2017-11-07,"Oct 02 - Nov 07","Oct 22",20,"Low"
"213",2017,"Perseids",2017-07-17,2017-08-12,2017-08-24,"Jul 17 - Aug 24","Aug 12",100,"High"
"214",2017,"Quadrantids",2017-01-01,2017-01-03,2017-01-05,"Jan 01 - Jan 05","Jan 03",120,"Very High"
"215",2017,"Southern Taurids",2017-09-23,2017-10-10,2017-11-27,"Sep 23 - Nov 27","Oct 10",5,"Very Low"
"216",2017,"Ursids",2017-12-17,2017-12-22,2017-12-26,"Dec 17 - Dec 26","Dec 22",10,"Very Low"
"217",2018,"Delta Aquariids",2018-07-12,2018-07-30,2018-08-23,"Jul 12 - Aug 23","Jul 30",25,"Low"
"218",2018,"Draconids",2018-10-06,2018-10-08,2018-10-10,"Oct 06 - Oct 10","Oct 08",10,"Very Low"
"219",2018,"Eta Aquariids",2018-04-19,2018-05-06,2018-05-28,"Apr 19 - May 28","May 06",50,"Moderate"
"220",2018,"Geminids",2018-12-04,2018-12-14,2018-12-20,"Dec 04 - Dec 20","Dec 14",150,"Very High"
"221",2018,"Leonids",2018-11-06,2018-11-17,2018-11-30,"Nov 06 - Nov 30","Nov 17",15,"Low"
"222",2018,"Lyrids",2018-04-15,2018-04-22,2018-04-29,"Apr 15 - Apr 29","Apr 22",18,"Low"
"223",2018,"Northern Taurids",2018-10-13,2018-11-12,2018-12-02,"Oct 13 - Dec 02","Nov 12",5,"Very Low"
"224",2018,"Orionids",2018-10-02,2018-10-22,2018-11-07,"Oct 02 - Nov 07","Oct 22",20,"Low"
"225",2018,"Perseids",2018-07-17,2018-08-12,2018-08-24,"Jul 17 - Aug 24","Aug 12",100,"High"
"226",2018,"Quadrantids",2018-01-01,2018-01-03,2018-01-05,"Jan 01 - Jan 05","Jan 03",120,"Very High"
"227",2018,"Southern Taurids",2018-09-23,2018-10-10,2018-11-27,"Sep 23 - Nov 27","Oct 10",5,"Very Low"
"228",2018,"Ursids",2018-12-17,2018-12-22,2018-12-26,"Dec 17 - Dec 26","Dec 22",10,"Very Low"
"229",2019,"Delta Aquariids",2019-07-12,2019-07-30,2019-08-23,"Jul 12 - Aug 23","Jul 30",25,"Low"
"230",2019,"Draconids",2019-10-06,2019-10-08,2019-10-10,"Oct 06 - Oct 10","Oct 08",10,"Very Low"
"231",2019,"Eta Aquariids",2019-04-19,2019-05-06,2019-05-28,"Apr 19 - May 28","May 06",50,"Moderate"
"232",2019,"Geminids",2019-12-04,2019-12-14,2019-12-20,"Dec 04 - Dec 20","Dec 14",150,"Very High"
"233",2019,"Leonids",2019-11-06,2019-11-17,2019-11-30,"Nov 06 - Nov 30","Nov 17",15,"Low"
"234",2019,"Lyrids",2019-04-15,2019-04-22,2019-04-29,"Apr 15 - Apr 29","Apr 22",18,"Low"
"235",2019,"Northern Taurids",2019-10-13,2019-11-12,2019-12-02,"Oct 13 - Dec 02","Nov 12",5,"Very Low"
"236",2019,"Orionids",2019-10-02,2019-10-22,2019-11-07,"Oct 02 - Nov 07","Oct 22",20,"Low"
"237",2019,"Perseids",2019-07-17,2019-08-12,2019-08-24,"Jul 17 - Aug 24","Aug 12",100,"High"
"238",2019,"Quadrantids",2019-01-01,2019-01-03,2019-01-05,"Jan 01 - Jan 05","Jan 03",120,"Very High"
"239",2019,"Southern Taurids",2019-09-23,2019-10-10,2019-11-27,"Sep 23 - Nov 27","Oct 10",5,"Very Low"
"240",2019,"Ursids",2019-12-17,2019-12-22,2019-12-26,"Dec 17 - Dec 26","Dec 22",10,"Very Low"
"241",2020,"Delta Aquariids",2020-07-12,2020-07-30,2020-08-23,"Jul 12 - Aug 23","Jul 30",25,"Low"
"242",2020,"Draconids",2020-10-06,2020-10-08,2020-10-10,"Oct 06 - Oct 10","Oct 08",10,"Very Low"
"243",2020,"Eta Aquariids",2020-04-19,2020-05-06,2020-05-28,"Apr 19 - May 28","May 06",50,"Moderate"
"244",2020,"Geminids",2020-12-04,2020-12-14,2020-12-20,"Dec 04 - Dec 20","Dec 14",150,"Very High"
"245",2020,"Leonids",2020-11-06,2020-11-17,2020-11-30,"Nov 06 - Nov 30","Nov 17",15,"Low"
"246",2020,"Lyrids",2020-04-15,2020-04-22,2020-04-29,"Apr 15 - Apr 29","Apr 22",18,"Low"
"247",2020,"Northern Taurids",2020-10-13,2020-11-12,2020-12-02,"Oct 13 - Dec 02","Nov 12",5,"Very Low"
"248",2020,"Orionids",2020-10-02,2020-10-22,2020-11-07,"Oct 02 - Nov 07","Oct 22",20,"Low"
"249",2020,"Perseids",2020-07-17,2020-08-12,2020-08-24,"Jul 17 - Aug 24","Aug 12",100,"High"
"250",2020,"Quadrantids",2020-01-01,2020-01-03,2020-01-05,"Jan 01 - Jan 05","Jan 03",120,"Very High"
"251",2020,"Southern Taurids",2020-09-23,2020-10-10,2020-11-27,"Sep 23 - Nov 27","Oct 10",5,"Very Low"
"252",2020,"Ursids",2020-12-17,2020-12-22,2020-12-26,"Dec 17 - Dec 26","Dec 22",10,"Very Low"
"253",2021,"Delta Aquariids",2021-07-12,2021-07-30,2021-08-23,"Jul 12 - Aug 23","Jul 30",25,"Low"
"254",2021,"Draconids",2021-10-06,2021-10-08,2021-10-10,"Oct 06 - Oct 10","Oct 08",10,"Very Low"
"255",2021,"Eta Aquariids",2021-04-19,2021-05-06,2021-05-28,"Apr 19 - May 28","May 06",50,"Moderate"
"256",2021,"Geminids",2021-12-04,2021-12-14,2021-12-20,"Dec 04 - Dec 20","Dec 14",150,"Very High"
"257",2021,"Leonids",2021-11-06,2021-11-17,2021-11-30,"Nov 06 - Nov 30","Nov 17",15,"Low"
"258",2021,"Lyrids",2021-04-15,2021-04-22,2021-04-29,"Apr 15 - Apr 29","Apr 22",18,"Low"
"259",2021,"Northern Taurids",2021-10-13,2021-11-12,2021-12-02,"Oct 13 - Dec 02","Nov 12",5,"Very Low"
"260",2021,"Orionids",2021-10-02,2021-10-22,2021-11-07,"Oct 02 - Nov 07","Oct 22",20,"Low"
"261",2021,"Perseids",2021-07-17,2021-08-12,2021-08-24,"Jul 17 - Aug 24","Aug 12",100,"High"
"262",2021,"Quadrantids",2021-01-01,2021-01-03,2021-01-05,"Jan 01 - Jan 05","Jan 03",120,"Very High"
"263",2021,"Southern Taurids",2021-09-23,2021-10-10,2021-11-27,"Sep 23 - Nov 27","Oct 10",5,"Very Low"
"264",2021,"Ursids",2021-12-17,2021-12-22,2021-12-26,"Dec 17 - Dec 26","Dec 22",10,"Very Low"
"265",2022,"Delta Aquariids",2022-07-12,2022-07-30,2022-08-23,"Jul 12 - Aug 23","Jul 30",25,"Low"
"266",2022,"Draconids",2022-10-06,2022-10-08,2022-10-10,"Oct 06 - Oct 10","Oct 08",10,"Very Low"
"267",2022,"Eta Aquariids",2022-04-19,2022-05-06,2022-05-28,"Apr 19 - May 28","May 06",50,"Moderate"
"268",2022,"Geminids",2022-12-04,2022-12-14,2022-12-20,"Dec 04 - Dec 20","Dec 14",150,"Very High"
"269",2022,"Leonids",2022-11-06,2022-11-17,2022-11-30,"Nov 06 - Nov 30","Nov 17",15,"Low"
"270",2022,"Lyrids",2022-04-15,2022-04-22,2022-04-29,"Apr 15 - Apr 29","Apr 22",18,"Low"
"271",2022,"Northern Taurids",2022-10-13,2022-11-12,2022-12-02,"Oct 13 - Dec 02","Nov 12",5,"Very Low"
"272",2022,"Orionids",2022-10-02,2022-10-22,2022-11-07,"Oct 02 - Nov 07","Oct 22",20,"Low"
"273",2022,"Perseids",2022-07-17,2022-08-12,2022-08-24,"Jul 17 - Aug 24","Aug 12",100,"High"
"274",2022,"Quadrantids",2022-01-01,2022-01-03,2022-01-05,"Jan 01 - Jan 05","Jan 03",120,"Very High"
"275",2022,"Southern Taurids",2022-09-23,2022-10-10,2022-11-27,"Sep 23 - Nov 27","Oct 10",5,"Very Low"
"276",2022,"Ursids",2022-12-17,2022-12-22,2022-12-26,"Dec 17 - Dec 26","Dec 22",10,"Very Low"
"277",2023,"Delta Aquariids",2023-07-12,2023-07-30,2023-08-23,"Jul 12 - Aug 23","Jul 30",25,"Low"
"278",2023,"Draconids",2023-10-06,2023-10-08,2023-10-10,"Oct 06 - Oct 10","Oct 08",10,"Very Low"
"279",2023,"Eta Aquariids",2023-04-19,2023-05-06,2023-05-28,"Apr 19 - May 28","May 06",50,"Moderate"
"280",2023,"Geminids",2023-12-04,2023-12-14,2023-12-20,"Dec 04 - Dec 20","Dec 14",150,"Very High"
"281",2023,"Leonids",2023-11-06,2023-11-17,2023-11-30,"Nov 06 - Nov 30","Nov 17",15,"Low"
"282",2023,"Lyrids",2023-04-15,2023-04-22,2023-04-29,"Apr 15 - Apr 29","Apr 22",18,"Low"
"283",2023,"Northern Taurids",2023-10-13,2023-11-12,2023-12-02,"Oct 13 - Dec 02","Nov 12",5,"Very Low"
"284",2023,"Orionids",2023-10-02,2023-10-22,2023-11-07,"Oct 02 - Nov 07","Oct 22",20,"Low"
"285",2023,"Perseids",2023-07-17,2023-08-12,2023-08-24,"Jul 17 - Aug 24","Aug 12",100,"High"
"286",2023,"Quadrantids",2023-01-01,2023-01-03,2023-01-05,"Jan 01 - Jan 05","Jan 03",120,"Very High"
"287",2023,"Southern Taurids",2023-09-23,2023-10-10,2023-11-27,"Sep 23 - Nov 27","Oct 10",5,"Very Low"
"288",2023,"Ursids",2023-12-17,2023-12-22,2023-12-26,"Dec 17 - Dec 26","Dec 22",10,"Very Low"
"289",2024,"Delta Aquariids",2024-07-12,2024-07-30,2024-08-23,"Jul 12 - Aug 23","Jul 30",25,"Low"
"290",2024,"Draconids",2024-10-06,2024-10-08,2024-10-10,"Oct 06 - Oct 10","Oct 08",10,"Very Low"
"291",2024,"Eta Aquariids",2024-04-19,2024-05-06,2024-05-28,"Apr 19 - May 28","May 06",50,"Moderate"
"292",2024,"Geminids",2024-12-04,2024-12-14,2024-12-20,"Dec 04 - Dec 20","Dec 14",150,"Very High"
"293",2024,"Leonids",2024-11-06,2024-11-17,2024-11-30,"Nov 06 - Nov 30","Nov 17",15,"Low"
"294",2024,"Lyrids",2024-04-15,2024-04-22,2024-04-29,"Apr 15 - Apr 29","Apr 22",18,"Low"
"295",2024,"Northern Taurids",2024-10-13,2024-11-12,2024-12-02,"Oct 13 - Dec 02","Nov 12",5,"Very Low"
"296",2024,"Orionids",2024-10-02,2024-10-22,2024-11-07,"Oct 02 - Nov 07","Oct 22",20,"Low"
"297",2024,"Perseids",2024-07-17,2024-08-12,2024-08-24,"Jul 17 - Aug 24","Aug 12",100,"High"
"298",2024,"Quadrantids",2024-01-01,2024-01-03,2024-01-05,"Jan 01 - Jan 05","Jan 03",120,"Very High"
"299",2024,"Southern Taurids",2024-09-23,2024-10-10,2024-11-27,"Sep 23 - Nov 27","Oct 10",5,"Very Low"
"300",2024,"Ursids",2024-12-17,2024-12-22,2024-12-26,"Dec 17 - Dec 26","Dec 22",10,"Very Low"
"301",2025,"Delta Aquariids",2025-07-12,2025-07-30,2025-08-23,"Jul 12 - Aug 23","Jul 30",25,"Low"
"302",2025,"Draconids",2025-10-06,2025-10-08,2025-10-10,"Oct 06 - Oct 10","Oct 08",10,"Very Low"
"303",2025,"Eta Aquariids",2025-04-19,2025-05-06,2025-05-28,"Apr 19 - May 28","May 06",50,"Moderate"
"304",2025,"Geminids",2025-12-04,2025-12-14,2025-12-20,"Dec 04 - Dec 20","Dec 14",150,"Very High"
"305",2025,"Leonids",2025-11-06,2025-11-17,2025-11-30,"Nov 06 - Nov 30","Nov 17",15,"Low"
"306",2025,"Lyrids",2025-04-15,2025-04-22,2025-04-29,"Apr 15 - Apr 29","Apr 22",18,"Low"
"307",2025,"Northern Taurids",2025-10-13,2025-11-12,2025-12-02,"Oct 13 - Dec 02","Nov 12",5,"Very Low"
"308",2025,"Orionids",2025-10-02,2025-10-22,2025-11-07,"Oct 02 - Nov 07","Oct 22",20,"Low"
"309",2025,"Perseids",2025-07-17,2025-08-12,2025-08-24,"Jul 17 - Aug 24","Aug 12",100,"High"
"310",2025,"Quadrantids",2025-01-01,2025-01-03,2025-01-05,"Jan 01 - Jan 05","Jan 03",120,"Very High"
"311",2025,"Southern Taurids",2025-09-23,2025-10-10,2025-11-27,"Sep 23 - Nov 27","Oct 10",5,"Very Low"
"312",2025,"Ursids",2025-12-17,2025-12-22,2025-12-26,"Dec 17 - Dec 26","Dec 22",10,"Very Low"
"313",2026,"Delta Aquariids",2026-07-12,2026-07-30,2026-08-23,"Jul 12 - Aug 23","Jul 30",25,"Low"
"314",2026,"Draconids",2026-10-06,2026-10-08,2026-10-10,"Oct 06 - Oct 10","Oct 08",10,"Very Low"
"315",2026,"Eta Aquariids",2026-04-19,2026-05-06,2026-05-28,"Apr 19 - May 28","May 06",50,"Moderate"
"316",2026,"Geminids",2026-12-04,2026-12-14,2026-12-20,"Dec 04 - Dec 20","Dec 14",150,"Very High"
"317",2026,"Leonids",2026-11-06,2026-11-17,2026-11-30,"Nov 06 - Nov 30","Nov 17",15,"Low"
"318",2026,"Lyrids",2026-04-15,2026-04-22,2026-04-29,"Apr 15 - Apr 29","Apr 22",18,"Low"
"319",2026,"Northern Taurids",2026-10-13,2026-11-12,2026-12-02,"Oct 13 - Dec 02","Nov 12",5,"Very Low"
"320",2026,"Orionids",2026-10-02,2026-10-22,2026-11-07,"Oct 02 - Nov 07","Oct 22",20,"Low"
"321",2026,"Perseids",2026-07-17,2026-08-12,2026-08-24,"Jul 17 - Aug 24","Aug 12",100,"High"
"322",2026,"Quadrantids",2026-01-01,2026-01-03,2026-01-05,"Jan 01 - Jan 05","Jan 03",120,"Very High"
"323",2026,"Southern Taurids",2026-09-23,2026-10-10,2026-11-27,"Sep 23 - Nov 27","Oct 10",5,"Very Low"
"324",2026,"Ursids",2026-12-17,2026-12-22,2026-12-26,"Dec 17 - Dec 26","Dec 22",10,"Very Low"
"325",2027,"Delta Aquariids",2027-07-12,2027-07-30,2027-08-23,"Jul 12 - Aug 23","Jul 30",25,"Low"
"326",2027,"Draconids",2027-10-06,2027-10-08,2027-10-10,"Oct 06 - Oct 10","Oct 08",10,"Very Low"
"327",2027,"Eta Aquariids",2027-04-19,2027-05-06,2027-05-28,"Apr 19 - May 28","May 06",50,"Moderate"
"328",2027,"Geminids",2027-12-04,2027-12-14,2027-12-20,"Dec 04 - Dec 20","Dec 14",150,"Very High"
"329",2027,"Leonids",2027-11-06,2027-11-17,2027-11-30,"Nov 06 - Nov 30","Nov 17",15,"Low"
"330",2027,"Lyrids",2027-04-15,2027-04-22,2027-04-29,"Apr 15 - Apr 29","Apr 22",18,"Low"
"331",2027,"Northern Taurids",2027-10-13,2027-11-12,2027-12-02,"Oct 13 - Dec 02","Nov 12",5,"Very Low"
"332",2027,"Orionids",2027-10-02,2027-10-22,2027-11-07,"Oct 02 - Nov 07","Oct 22",20,"Low"
"333",2027,"Perseids",2027-07-17,2027-08-12,2027-08-24,"Jul 17 - Aug 24","Aug 12",100,"High"
"334",2027,"Quadrantids",2027-01-01,2027-01-03,2027-01-05,"Jan 01 - Jan 05","Jan 03",120,"Very High"
"335",2027,"Southern Taurids",2027-09-23,2027-10-10,2027-11-27,"Sep 23 - Nov 27","Oct 10",5,"Very Low"
"336",2027,"Ursids",2027-12-17,2027-12-22,2027-12-26,"Dec 17 - Dec 26","Dec 22",10,"Very Low"
"337",2028,"Delta Aquariids",2028-07-12,2028-07-30,2028-08-23,"Jul 12 - Aug 23","Jul 30",25,"Low"
"338",2028,"Draconids",2028-10-06,2028-10-08,2028-10-10,"Oct 06 - Oct 10","Oct 08",10,"Very Low"
"339",2028,"Eta Aquariids",2028-04-19,2028-05-06,2028-05-28,"Apr 19 - May 28","May 06",50,"Moderate"
"340",2028,"Geminids",2028-12-04,2028-12-14,2028-12-20,"Dec 04 - Dec 20","Dec 14",150,"Very High"
"341",2028,"Leonids",2028-11-06,2028-11-17,2028-11-30,"Nov 06 - Nov 30","Nov 17",15,"Low"
"342",2028,"Lyrids",2028-04-15,2028-04-22,2028-04-29,"Apr 15 - Apr 29","Apr 22",18,"Low"
"343",2028,"Northern Taurids",2028-10-13,2028-11-12,2028-12-02,"Oct 13 - Dec 02","Nov 12",5,"Very Low"
"344",2028,"Orionids",2028-10-02,2028-10-22,2028-11-07,"Oct 02 - Nov 07","Oct 22",20,"Low"
"345",2028,"Perseids",2028-07-17,2028-08-12,2028-08-24,"Jul 17 - Aug 24","Aug 12",100,"High"
"346",2028,"Quadrantids",2028-01-01,2028-01-03,2028-01-05,"Jan 01 - Jan 05","Jan 03",120,"Very High"
"347",2028,"Southern Taurids",2028-09-23,2028-10-10,2028-11-27,"Sep 23 - Nov 27","Oct 10",5,"Very Low"
"348",2028,"Ursids",2028-12-17,2028-12-22,2028-12-26,"Dec 17 - Dec 26","Dec 22",10,"Very Low"
"349",2029,"Delta Aquariids",2029-07-12,2029-07-30,2029-08-23,"Jul 12 - Aug 23","Jul 30",25,"Low"
"350",2029,"Draconids",2029-10-06,2029-10-08,2029-10-10,"Oct 06 - Oct 10","Oct 08",10,"Very Low"
"351",2029,"Eta Aquariids",2029-04-19,2029-05-06,2029-05-28,"Apr 19 - May 28","May 06",50,"Moderate"
"352",2029,"Geminids",2029-12-04,2029-12-14,2029-12-20,"Dec 04 - Dec 20","Dec 14",150,"Very High"
"353",2029,"Leonids",2029-11-06,2029-11-17,2029-11-30,"Nov 06 - Nov 30","Nov 17",15,"Low"
"354",2029,"Lyrids",2029-04-15,2029-04-22,2029-04-29,"Apr 15 - Apr 29","Apr 22",18,"Low"
"355",2029,"Northern Taurids",2029-10-13,2029-11-12,2029-12-02,"Oct 13 - Dec 02","Nov 12",5,"Very Low"
"356",2029,"Orionids",2029-10-02,2029-10-22,2029-11-07,"Oct 02 - Nov 07","Oct 22",20,"Low"
"357",2029,"Perseids",2029-07-17,2029-08-12,2029-08-24,"Jul 17 - Aug 24","Aug 12",100,"High"
"358",2029,"Quadrantids",2029-01-01,2029-01-03,2029-01-05,"Jan 01 - Jan 05","Jan 03",120,"Very High"
"359",2029,"Southern Taurids",2029-09-23,2029-10-10,2029-11-27,"Sep 23 - Nov 27","Oct 10",5,"Very Low"
"360",2029,"Ursids",2029-12-17,2029-12-22,2029-12-26,"Dec 17 - Dec 26","Dec 22",10,"Very Low"
"361",2030,"Delta Aquariids",2030-07-12,2030-07-30,2030-08-23,"Jul 12 - Aug 23","Jul 30",25,"Low"
"362",2030,"Draconids",2030-10-06,2030-10-08,2030-10-10,"Oct 06 - Oct 10","Oct 08",10,"Very Low"
"363",2030,"Eta Aquariids",2030-04-19,2030-05-06,2030-05-28,"Apr 19 - May 28","May 06",50,"Moderate"
"364",2030,"Geminids",2030-12-04,2030-12-14,2030-12-20,"Dec 04 - Dec 20","Dec 14",150,"Very High"
"365",2030,"Leonids",2030-11-06,2030-11-17,2030-11-30,"Nov 06 - Nov 30","Nov 17",15,"Low"
"366",2030,"Lyrids",2030-04-15,2030-04-22,2030-04-29,"Apr 15 - Apr 29","Apr 22",18,"Low"
"367",2030,"Northern Taurids",2030-10-13,2030-11-12,2030-12-02,"Oct 13 - Dec 02","Nov 12",5,"Very Low"
"368",2030,"Orionids",2030-10-02,2030-10-22,2030-11-07,"Oct 02 - Nov 07","Oct 22",20,"Low"
"369",2030,"Perseids",2030-07-17,2030-08-12,2030-08-24,"Jul 17 - Aug 24","Aug 12",100,"High"
"370",2030,"Quadrantids",2030-01-01,2030-01-03,2030-01-05,"Jan 01 - Jan 05","Jan 03",120,"Very High"
"371",2030,"Southern Taurids",2030-09-23,2030-10-10,2030-11-27,"Sep 23 - Nov 27","Oct 10",5,"Very Low"
"372",2030,"Ursids",2030-12-17,2030-12-22,2030-12-26,"Dec 17 - Dec 26","Dec 22",10,"Very Low"
"373",2031,"Delta Aquariids",2031-07-12,2031-07-30,2031-08-23,"Jul 12 - Aug 23","Jul 30",25,"Low"
"374",2031,"Draconids",2031-10-06,2031-10-08,2031-10-10,"Oct 06 - Oct 10","Oct 08",10,"Very Low"
"375",2031,"Eta Aquariids",2031-04-19,2031-05-06,2031-05-28,"Apr 19 - May 28","May 06",50,"Moderate"
"376",2031,"Geminids",2031-12-04,2031-12-14,2031-12-20,"Dec 04 - Dec 20","Dec 14",150,"Very High"
"377",2031,"Leonids",2031-11-06,2031-11-17,2031-11-30,"Nov 06 - Nov 30","Nov 17",15,"Low"
"378",2031,"Lyrids",2031-04-15,2031-04-22,2031-04-29,"Apr 15 - Apr 29","Apr 22",18,"Low"
"379",2031,"Northern Taurids",2031-10-13,2031-11-12,2031-12-02,"Oct 13 - Dec 02","Nov 12",5,"Very Low"
"380",2031,"Orionids",2031-10-02,2031-10-22,2031-11-07,"Oct 02 - Nov 07","Oct 22",20,"Low"
"381",2031,"Perseids",2031-07-17,2031-08-12,2031-08-24,"Jul 17 - Aug 24","Aug 12",100,"High"
"382",2031,"Quadrantids",2031-01-01,2031-01-03,2031-01-05,"Jan 01 - Jan 05","Jan 03",120,"Very High"
"383",2031,"Southern Taurids",2031-09-23,2031-10-10,2031-11-27,"Sep 23 - Nov 27","Oct 10",5,"Very Low"
"384",2031,"Ursids",2031-12-17,2031-12-22,2031-12-26,"Dec 17 - Dec 26","Dec 22",10,"Very Low"
"385",2032,"Delta Aquariids",2032-07-12,2032-07-30,2032-08-23,"Jul 12 - Aug 23","Jul 30",25,"Low"
"386",2032,"Draconids",2032-10-06,2032-10-08,2032-10-10,"Oct 06 - Oct 10","Oct 08",10,"Very Low"
"387",2032,"Eta Aquariids",2032-04-19,2032-05-06,2032-05-28,"Apr 19 - May 28","May 06",50,"Moderate"
"388",2032,"Geminids",2032-12-04,2032-12-14,2032-12-20,"Dec 04 - Dec 20","Dec 14",150,"Very High"
"389",2032,"Leonids",2032-11-06,2032-11-17,2032-11-30,"Nov 06 - Nov 30","Nov 17",15,"Low"
"390",2032,"Lyrids",2032-04-15,2032-04-22,2032-04-29,"Apr 15 - Apr 29","Apr 22",18,"Low"
"391",2032,"Northern Taurids",2032-10-13,2032-11-12,2032-12-02,"Oct 13 - Dec 02","Nov 12",5,"Very Low"
"392",2032,"Orionids",2032-10-02,2032-10-22,2032-11-07,"Oct 02 - Nov 07","Oct 22",20,"Low"
"393",2032,"Perseids",2032-07-17,2032-08-12,2032-08-24,"Jul 17 - Aug 24","Aug 12",100,"High"
"394",2032,"Quadrantids",2032-01-01,2032-01-03,2032-01-05,"Jan 01 - Jan 05","Jan 03",120,"Very High"
"395",2032,"Southern Taurids",2032-09-23,2032-10-10,2032-11-27,"Sep 23 - Nov 27","Oct 10",5,"Very Low"
"396",2032,"Ursids",2032-12-17,2032-12-22,2032-12-26,"Dec 17 - Dec 26","Dec 22",10,"Very Low"
"397",2033,"Delta Aquariids",2033-07-12,2033-07-30,2033-08-23,"Jul 12 - Aug 23","Jul 30",25,"Low"
"398",2033,"Draconids",2033-10-06,2033-10-08,2033-10-10,"Oct 06 - Oct 10","Oct 08",10,"Very Low"
"399",2033,"Eta Aquariids",2033-04-19,2033-05-06,2033-05-28,"Apr 19 - May 28","May 06",50,"Moderate"
"400",2033,"Geminids",2033-12-04,2033-12-14,2033-12-20,"Dec 04 - Dec 20","Dec 14",150,"Very High"
"401",2033,"Leonids",2033-11-06,2033-11-17,2033-11-30,"Nov 06 - Nov 30","Nov 17",15,"Low"
"402",2033,"Lyrids",2033-04-15,2033-04-22,2033-04-29,"Apr 15 - Apr 29","Apr 22",18,"Low"
"403",2033,"Northern Taurids",2033-10-13,2033-11-12,2033-12-02,"Oct 13 - Dec 02","Nov 12",5,"Very Low"
"404",2033,"Orionids",2033-10-02,2033-10-22,2033-11-07,"Oct 02 - Nov 07","Oct 22",20,"Low"
"405",2033,"Perseids",2033-07-17,2033-08-12,2033-08-24,"Jul 17 - Aug 24","Aug 12",100,"High"
"406",2033,"Quadrantids",2033-01-01,2033-01-03,2033-01-05,"Jan 01 - Jan 05","Jan 03",120,"Very High"
"407",2033,"Southern Taurids",2033-09-23,2033-10-10,2033-11-27,"Sep 23 - Nov 27","Oct 10",5,"Very Low"
"408",2033,"Ursids",2033-12-17,2033-12-22,2033-12-26,"Dec 17 - Dec 26","Dec 22",10,"Very Low"
"409",2034,"Delta Aquariids",2034-07-12,2034-07-30,2034-08-23,"Jul 12 - Aug 23","Jul 30",25,"Low"
"410",2034,"Draconids",2034-10-06,2034-10-08,2034-10-10,"Oct 06 - Oct 10","Oct 08",10,"Very Low"
"411",2034,"Eta Aquariids",2034-04-19,2034-05-06,2034-05-28,"Apr 19 - May 28","May 06",50,"Moderate"
"412",2034,"Geminids",2034-12-04,2034-12-14,2034-12-20,"Dec 04 - Dec 20","Dec 14",150,"Very High"
"413",2034,"Leonids",2034-11-06,2034-11-17,2034-11-30,"Nov 06 - Nov 30","Nov 17",15,"Low"
"414",2034,"Lyrids",2034-04-15,2034-04-22,2034-04-29,"Apr 15 - Apr 29","Apr 22",18,"Low"
"415",2034,"Northern Taurids",2034-10-13,2034-11-12,2034-12-02,"Oct 13 - Dec 02","Nov 12",5,"Very Low"
"416",2034,"Orionids",2034-10-02,2034-10-22,2034-11-07,"Oct 02 - Nov 07","Oct 22",20,"Low"
"417",2034,"Perseids",2034-07-17,2034-08-12,2034-08-24,"Jul 17 - Aug 24","Aug 12",100,"High"
"418",2034,"Quadrantids",2034-01-01,2034-01-03,2034-01-05,"Jan 01 - Jan 05","Jan 03",120,"Very High"
"419",2034,"Southern Taurids",2034-09-23,2034-10-10,2034-11-27,"Sep 23 - Nov 27","Oct 10",5,"Very Low"
"420",2034,"Ursids",2034-12-17,2034-12-22,2034-12-26,"Dec 17 - Dec 26","Dec 22",10,"Very Low"
"421",2035,"Delta Aquariids",2035-07-12,2035-07-30,2035-08-23,"Jul 12 - Aug 23","Jul 30",25,"Low"
"422",2035,"Draconids",2035-10-06,2035-10-08,2035-10-10,"Oct 06 - Oct 10","Oct 08",10,"Very Low"
"423",2035,"Eta Aquariids",2035-04-19,2035-05-06,2035-05-28,"Apr 19 - May 28","May 06",50,"Moderate"
"424",2035,"Geminids",2035-12-04,2035-12-14,2035-12-20,"Dec 04 - Dec 20","Dec 14",150,"Very High"
"425",2035,"Leonids",2035-11-06,2035-11-17,2035-11-30,"Nov 06 - Nov 30","Nov 17",15,"Low"
"426",2035,"Lyrids",2035-04-15,2035-04-22,2035-04-29,"Apr 15 - Apr 29","Apr 22",18,"Low"
"427",2035,"Northern Taurids",2035-10-13,2035-11-12,2035-12-02,"Oct 13 - Dec 02","Nov 12",5,"Very Low"
"428",2035,"Orionids",2035-10-02,2035-10-22,2035-11-07,"Oct 02 - Nov 07","Oct 22",20,"Low"
"429",2035,"Perseids",2035-07-17,2035-08-12,2035-08-24,"Jul 17 - Aug 24","Aug 12",100,"High"
"430",2035,"Quadrantids",2035-01-01,2035-01-03,2035-01-05,"Jan 01 - Jan 05","Jan 03",120,"Very High"
"431",2035,"Southern Taurids",2035-09-23,2035-10-10,2035-11-27,"Sep 23 - Nov 27","Oct 10",5,"Very Low"
"432",2035,"Ursids",2035-12-17,2035-12-22,2035-12-26,"Dec 17 - Dec 26","Dec 22",10,"Very Low"
"433",2036,"Delta Aquariids",2036-07-12,2036-07-30,2036-08-23,"Jul 12 - Aug 23","Jul 30",25,"Low"
"434",2036,"Draconids",2036-10-06,2036-10-08,2036-10-10,"Oct 06 - Oct 10","Oct 08",10,"Very Low"
"435",2036,"Eta Aquariids",2036-04-19,2036-05-06,2036-05-28,"Apr 19 - May 28","May 06",50,"Moderate"
"436",2036,"Geminids",2036-12-04,2036-12-14,2036-12-20,"Dec 04 - Dec 20","Dec 14",150,"Very High"
"437",2036,"Leonids",2036-11-06,2036-11-17,2036-11-30,"Nov 06 - Nov 30","Nov 17",15,"Low"
"438",2036,"Lyrids",2036-04-15,2036-04-22,2036-04-29,"Apr 15 - Apr 29","Apr 22",18,"Low"
"439",2036,"Northern Taurids",2036-10-13,2036-11-12,2036-12-02,"Oct 13 - Dec 02","Nov 12",5,"Very Low"
"440",2036,"Orionids",2036-10-02,2036-10-22,2036-11-07,"Oct 02 - Nov 07","Oct 22",20,"Low"
"441",2036,"Perseids",2036-07-17,2036-08-12,2036-08-24,"Jul 17 - Aug 24","Aug 12",100,"High"
"442",2036,"Quadrantids",2036-01-01,2036-01-03,2036-01-05,"Jan 01 - Jan 05","Jan 03",120,"Very High"
"443",2036,"Southern Taurids",2036-09-23,2036-10-10,2036-11-27,"Sep 23 - Nov 27","Oct 10",5,"Very Low"
"444",2036,"Ursids",2036-12-17,2036-12-22,2036-12-26,"Dec 17 - Dec 26","Dec 22",10,"Very Low"
"445",2037,"Delta Aquariids",2037-07-12,2037-07-30,2037-08-23,"Jul 12 - Aug 23","Jul 30",25,"Low"
"446",2037,"Draconids",2037-10-06,2037-10-08,2037-10-10,"Oct 06 - Oct 10","Oct 08",10,"Very Low"
"447",2037,"Eta Aquariids",2037-04-19,2037-05-06,2037-05-28,"Apr 19 - May 28","May 06",50,"Moderate"
"448",2037,"Geminids",2037-12-04,2037-12-14,2037-12-20,"Dec 04 - Dec 20","Dec 14",150,"Very High"
"449",2037,"Leonids",2037-11-06,2037-11-17,2037-11-30,"Nov 06 - Nov 30","Nov 17",15,"Low"
"450",2037,"Lyrids",2037-04-15,2037-04-22,2037-04-29,"Apr 15 - Apr 29","Apr 22",18,"Low"
"451",2037,"Northern Taurids",2037-10-13,2037-11-12,2037-12-02,"Oct 13 - Dec 02","Nov 12",5,"Very Low"
"452",2037,"Orionids",2037-10-02,2037-10-22,2037-11-07,"Oct 02 - Nov 07","Oct 22",20,"Low"
"453",2037,"Perseids",2037-07-17,2037-08-12,2037-08-24,"Jul 17 - Aug 24","Aug 12",100,"High"
"454",2037,"Quadrantids",2037-01-01,2037-01-03,2037-01-05,"Jan 01 - Jan 05","Jan 03",120,"Very High"
"455",2037,"Southern Taurids",2037-09-23,2037-10-10,2037-11-27,"Sep 23 - Nov 27","Oct 10",5,"Very Low"
"456",2037,"Ursids",2037-12-17,2037-12-22,2037-12-26,"Dec 17 - Dec 26","Dec 22",10,"Very Low"
"457",2038,"Delta Aquariids",2038-07-12,2038-07-30,2038-08-23,"Jul 12 - Aug 23","Jul 30",25,"Low"
"458",2038,"Draconids",2038-10-06,2038-10-08,2038-10-10,"Oct 06 - Oct 10","Oct 08",10,"Very Low"
"459",2038,"Eta Aquariids",2038-04-19,2038-05-06,2038-05-28,"Apr 19 - May 28","May 06",50,"Moderate"
"460",2038,"Geminids",2038-12-04,2038-12-14,2038-12-20,"Dec 04 - Dec 20","Dec 14",150,"Very High"
"461",2038,"Leonids",2038-11-06,2038-11-17,2038-11-30,"Nov 06 - Nov 30","Nov 17",15,"Low"
"462",2038,"Lyrids",2038-04-15,2038-04-22,2038-04-29,"Apr 15 - Apr 29","Apr 22",18,"Low"
"463",2038,"Northern Taurids",2038-10-13,2038-11-12,2038-12-02,"Oct 13 - Dec 02","Nov 12",5,"Very Low"
"464",2038,"Orionids",2038-10-02,2038-10-22,2038-11-07,"Oct 02 - Nov 07","Oct 22",20,"Low"
"465",2038,"Perseids",2038-07-17,2038-08-12,2038-08-24,"Jul 17 - Aug 24","Aug 12",100,"High"
"466",2038,"Quadrantids",2038-01-01,2038-01-03,2038-01-05,"Jan 01 - Jan 05","Jan 03",120,"Very High"
"467",2038,"Southern Taurids",2038-09-23,2038-10-10,2038-11-27,"Sep 23 - Nov 27","Oct 10",5,"Very Low"
"468",2038,"Ursids",2038-12-17,2038-12-22,2038-12-26,"Dec 17 - Dec 26","Dec 22",10,"Very Low"
"469",2039,"Delta Aquariids",2039-07-12,2039-07-30,2039-08-23,"Jul 12 - Aug 23","Jul 30",25,"Low"
"470",2039,"Draconids",2039-10-06,2039-10-08,2039-10-10,"Oct 06 - Oct 10","Oct 08",10,"Very Low"
"471",2039,"Eta Aquariids",2039-04-19,2039-05-06,2039-05-28,"Apr 19 - May 28","May 06",50,"Moderate"
"472",2039,"Geminids",2039-12-04,2039-12-14,2039-12-20,"Dec 04 - Dec 20","Dec 14",150,"Very High"
"473",2039,"Leonids",2039-11-06,2039-11-17,2039-11-30,"Nov 06 - Nov 30","Nov 17",15,"Low"
"474",2039,"Lyrids",2039-04-15,2039-04-22,2039-04-29,"Apr 15 - Apr 29","Apr 22",18,"Low"
"475",2039,"Northern Taurids",2039-10-13,2039-11-12,2039-12-02,"Oct 13 - Dec 02","Nov 12",5,"Very Low"
"476",2039,"Orionids",2039-10-02,2039-10-22,2039-11-07,"Oct 02 - Nov 07","Oct 22",20,"Low"
"477",2039,"Perseids",2039-07-17,2039-08-12,2039-08-24,"Jul 17 - Aug 24","Aug 12",100,"High"
"478",2039,"Quadrantids",2039-01-01,2039-01-03,2039-01-05,"Jan 01 - Jan 05","Jan 03",120,"Very High"
"479",2039,"Southern Taurids",2039-09-23,2039-10-10,2039-11-27,"Sep 23 - Nov 27","Oct 10",5,"Very Low"
"480",2039,"Ursids",2039-12-17,2039-12-22,2039-12-26,"Dec 17 - Dec 26","Dec 22",10,"Very Low"
"481",2040,"Delta Aquariids",2040-07-12,2040-07-30,2040-08-23,"Jul 12 - Aug 23","Jul 30",25,"Low"
"482",2040,"Draconids",2040-10-06,2040-10-08,2040-10-10,"Oct 06 - Oct 10","Oct 08",10,"Very Low"
"483",2040,"Eta Aquariids",2040-04-19,2040-05-06,2040-05-28,"Apr 19 - May 28","May 06",50,"Moderate"
"484",2040,"Geminids",2040-12-04,2040-12-14,2040-12-20,"Dec 04 - Dec 20","Dec 14",150,"Very High"
"485",2040,"Leonids",2040-11-06,2040-11-17,2040-11-30,"Nov 06 - Nov 30","Nov 17",15,"Low"
"486",2040,"Lyrids",2040-04-15,2040-04-22,2040-04-29,"Apr 15 - Apr 29","Apr 22",18,"Low"
"487",2040,"Northern Taurids",2040-10-13,2040-11-12,2040-12-02,"Oct 13 - Dec 02","Nov 12",5,"Very Low"
"488",2040,"Orionids",2040-10-02,2040-10-22,2040-11-07,"Oct 02 - Nov 07","Oct 22",20,"Low"
"489",2040,"Perseids",2040-07-17,2040-08-12,2040-08-24,"Jul 17 - Aug 24","Aug 12",100,"High"
"490",2040,"Quadrantids",2040-01-01,2040-01-03,2040-01-05,"Jan 01 - Jan 05","Jan 03",120,"Very High"
"491",2040,"Southern Taurids",2040-09-23,2040-10-10,2040-11-27,"Sep 23 - Nov 27","Oct 10",5,"Very Low"
"492",2040,"Ursids",2040-12-17,2040-12-22,2040-12-26,"Dec 17 - Dec 26","Dec 22",10,"Very Low"
"493",2041,"Delta Aquariids",2041-07-12,2041-07-30,2041-08-23,"Jul 12 - Aug 23","Jul 30",25,"Low"
"494",2041,"Draconids",2041-10-06,2041-10-08,2041-10-10,"Oct 06 - Oct 10","Oct 08",10,"Very Low"
"495",2041,"Eta Aquariids",2041-04-19,2041-05-06,2041-05-28,"Apr 19 - May 28","May 06",50,"Moderate"
"496",2041,"Geminids",2041-12-04,2041-12-14,2041-12-20,"Dec 04 - Dec 20","Dec 14",150,"Very High"
"497",2041,"Leonids",2041-11-06,2041-11-17,2041-11-30,"Nov 06 - Nov 30","Nov 17",15,"Low"
"498",2041,"Lyrids",2041-04-15,2041-04-22,2041-04-29,"Apr 15 - Apr 29","Apr 22",18,"Low"
"499",2041,"Northern Taurids",2041-10-13,2041-11-12,2041-12-02,"Oct 13 - Dec 02","Nov 12",5,"Very Low"
"500",2041,"Orionids",2041-10-02,2041-10-22,2041-11-07,"Oct 02 - Nov 07","Oct 22",20,"Low"
"501",2041,"Perseids",2041-07-17,2041-08-12,2041-08-24,"Jul 17 - Aug 24","Aug 12",100,"High"
"502",2041,"Quadrantids",2041-01-01,2041-01-03,2041-01-05,"Jan 01 - Jan 05","Jan 03",120,"Very High"
"503",2041,"Southern Taurids",2041-09-23,2041-10-10,2041-11-27,"Sep 23 - Nov 27","Oct 10",5,"Very Low"
"504",2041,"Ursids",2041-12-17,2041-12-22,2041-12-26,"Dec 17 - Dec 26","Dec 22",10,"Very Low"
"505",2042,"Delta Aquariids",2042-07-12,2042-07-30,2042-08-23,"Jul 12 - Aug 23","Jul 30",25,"Low"
"506",2042,"Draconids",2042-10-06,2042-10-08,2042-10-10,"Oct 06 - Oct 10","Oct 08",10,"Very Low"
"507",2042,"Eta Aquariids",2042-04-19,2042-05-06,2042-05-28,"Apr 19 - May 28","May 06",50,"Moderate"
"508",2042,"Geminids",2042-12-04,2042-12-14,2042-12-20,"Dec 04 - Dec 20","Dec 14",150,"Very High"
"509",2042,"Leonids",2042-11-06,2042-11-17,2042-11-30,"Nov 06 - Nov 30","Nov 17",15,"Low"
"510",2042,"Lyrids",2042-04-15,2042-04-22,2042-04-29,"Apr 15 - Apr 29","Apr 22",18,"Low"
"511",2042,"Northern Taurids",2042-10-13,2042-11-12,2042-12-02,"Oct 13 - Dec 02","Nov 12",5,"Very Low"
"512",2042,"Orionids",2042-10-02,2042-10-22,2042-11-07,"Oct 02 - Nov 07","Oct 22",20,"Low"
"513",2042,"Perseids",2042-07-17,2042-08-12,2042-08-24,"Jul 17 - Aug 24","Aug 12",100,"High"
"514",2042,"Quadrantids",2042-01-01,2042-01-03,2042-01-05,"Jan 01 - Jan 05","Jan 03",120,"Very High"
"515",2042,"Southern Taurids",2042-09-23,2042-10-10,2042-11-27,"Sep 23 - Nov 27","Oct 10",5,"Very Low"
"516",2042,"Ursids",2042-12-17,2042-12-22,2042-12-26,"Dec 17 - Dec 26","Dec 22",10,"Very Low"
"517",2043,"Delta Aquariids",2043-07-12,2043-07-30,2043-08-23,"Jul 12 - Aug 23","Jul 30",25,"Low"
"518",2043,"Draconids",2043-10-06,2043-10-08,2043-10-10,"Oct 06 - Oct 10","Oct 08",10,"Very Low"
"519",2043,"Eta Aquariids",2043-04-19,2043-05-06,2043-05-28,"Apr 19 - May 28","May 06",50,"Moderate"
"520",2043,"Geminids",2043-12-04,2043-12-14,2043-12-20,"Dec 04 - Dec 20","Dec 14",150,"Very High"
"521",2043,"Leonids",2043-11-06,2043-11-17,2043-11-30,"Nov 06 - Nov 30","Nov 17",15,"Low"
"522",2043,"Lyrids",2043-04-15,2043-04-22,2043-04-29,"Apr 15 - Apr 29","Apr 22",18,"Low"
"523",2043,"Northern Taurids",2043-10-13,2043-11-12,2043-12-02,"Oct 13 - Dec 02","Nov 12",5,"Very Low"
"524",2043,"Orionids",2043-10-02,2043-10-22,2043-11-07,"Oct 02 - Nov 07","Oct 22",20,"Low"
"525",2043,"Perseids",2043-07-17,2043-08-12,2043-08-24,"Jul 17 - Aug 24","Aug 12",100,"High"
"526",2043,"Quadrantids",2043-01-01,2043-01-03,2043-01-05,"Jan 01 - Jan 05","Jan 03",120,"Very High"
"527",2043,"Southern Taurids",2043-09-23,2043-10-10,2043-11-27,"Sep 23 - Nov 27","Oct 10",5,"Very Low"
"528",2043,"Ursids",2043-12-17,2043-12-22,2043-12-26,"Dec 17 - Dec 26","Dec 22",10,"Very Low"
"529",2044,"Delta Aquariids",2044-07-12,2044-07-30,2044-08-23,"Jul 12 - Aug 23","Jul 30",25,"Low"
"530",2044,"Draconids",2044-10-06,2044-10-08,2044-10-10,"Oct 06 - Oct 10","Oct 08",10,"Very Low"
"531",2044,"Eta Aquariids",2044-04-19,2044-05-06,2044-05-28,"Apr 19 - May 28","May 06",50,"Moderate"
"532",2044,"Geminids",2044-12-04,2044-12-14,2044-12-20,"Dec 04 - Dec 20","Dec 14",150,"Very High"
"533",2044,"Leonids",2044-11-06,2044-11-17,2044-11-30,"Nov 06 - Nov 30","Nov 17",15,"Low"
"534",2044,"Lyrids",2044-04-15,2044-04-22,2044-04-29,"Apr 15 - Apr 29","Apr 22",18,"Low"
"535",2044,"Northern Taurids",2044-10-13,2044-11-12,2044-12-02,"Oct 13 - Dec 02","Nov 12",5,"Very Low"
"536",2044,"Orionids",2044-10-02,2044-10-22,2044-11-07,"Oct 02 - Nov 07","Oct 22",20,"Low"
"537",2044,"Perseids",2044-07-17,2044-08-12,2044-08-24,"Jul 17 - Aug 24","Aug 12",100,"High"
"538",2044,"Quadrantids",2044-01-01,2044-01-03,2044-01-05,"Jan 01 - Jan 05","Jan 03",120,"Very High"
"539",2044,"Southern Taurids",2044-09-23,2044-10-10,2044-11-27,"Sep 23 - Nov 27","Oct 10",5,"Very Low"
"540",2044,"Ursids",2044-12-17,2044-12-22,2044-12-26,"Dec 17 - Dec 26","Dec 22",10,"Very Low"
"541",2045,"Delta Aquariids",2045-07-12,2045-07-30,2045-08-23,"Jul 12 - Aug 23","Jul 30",25,"Low"
"542",2045,"Draconids",2045-10-06,2045-10-08,2045-10-10,"Oct 06 - Oct 10","Oct 08",10,"Very Low"
"543",2045,"Eta Aquariids",2045-04-19,2045-05-06,2045-05-28,"Apr 19 - May 28","May 06",50,"Moderate"
"544",2045,"Geminids",2045-12-04,2045-12-14,2045-12-20,"Dec 04 - Dec 20","Dec 14",150,"Very High"
"545",2045,"Leonids",2045-11-06,2045-11-17,2045-11-30,"Nov 06 - Nov 30","Nov 17",15,"Low"
"546",2045,"Lyrids",2045-04-15,2045-04-22,2045-04-29,"Apr 15 - Apr 29","Apr 22",18,"Low"
"547",2045,"Northern Taurids",2045-10-13,2045-11-12,2045-12-02,"Oct 13 - Dec 02","Nov 12",5,"Very Low"
"548",2045,"Orionids",2045-10-02,2045-10-22,2045-11-07,"Oct 02 - Nov 07","Oct 22",20,"Low"
"549",2045,"Perseids",2045-07-17,2045-08-12,2045-08-24,"Jul 17 - Aug 24","Aug 12",100,"High"
"550",2045,"Quadrantids",2045-01-01,2045-01-03,2045-01-05,"Jan 01 - Jan 05","Jan 03",120,"Very High"
"551",2045,"Southern Taurids",2045-09-23,2045-10-10,2045-11-27,"Sep 23 - Nov 27","Oct 10",5,"Very Low"
"552",2045,"Ursids",2045-12-17,2045-12-22,2045-12-26,"Dec 17 - Dec 26","Dec 22",10,"Very Low"
"553",2046,"Delta Aquariids",2046-07-12,2046-07-30,2046-08-23,"Jul 12 - Aug 23","Jul 30",25,"Low"
"554",2046,"Draconids",2046-10-06,2046-10-08,2046-10-10,"Oct 06 - Oct 10","Oct 08",10,"Very Low"
"555",2046,"Eta Aquariids",2046-04-19,2046-05-06,2046-05-28,"Apr 19 - May 28","May 06",50,"Moderate"
"556",2046,"Geminids",2046-12-04,2046-12-14,2046-12-20,"Dec 04 - Dec 20","Dec 14",150,"Very High"
"557",2046,"Leonids",2046-11-06,2046-11-17,2046-11-30,"Nov 06 - Nov 30","Nov 17",15,"Low"
"558",2046,"Lyrids",2046-04-15,2046-04-22,2046-04-29,"Apr 15 - Apr 29","Apr 22",18,"Low"
"559",2046,"Northern Taurids",2046-10-13,2046-11-12,2046-12-02,"Oct 13 - Dec 02","Nov 12",5,"Very Low"
"560",2046,"Orionids",2046-10-02,2046-10-22,2046-11-07,"Oct 02 - Nov 07","Oct 22",20,"Low"
"561",2046,"Perseids",2046-07-17,2046-08-12,2046-08-24,"Jul 17 - Aug 24","Aug 12",100,"High"
"562",2046,"Quadrantids",2046-01-01,2046-01-03,2046-01-05,"Jan 01 - Jan 05","Jan 03",120,"Very High"
"563",2046,"Southern Taurids",2046-09-23,2046-10-10,2046-11-27,"Sep 23 - Nov 27","Oct 10",5,"Very Low"
"564",2046,"Ursids",2046-12-17,2046-12-22,2046-12-26,"Dec 17 - Dec 26","Dec 22",10,"Very Low"
"565",2047,"Delta Aquariids",2047-07-12,2047-07-30,2047-08-23,"Jul 12 - Aug 23","Jul 30",25,"Low"
"566",2047,"Draconids",2047-10-06,2047-10-08,2047-10-10,"Oct 06 - Oct 10","Oct 08",10,"Very Low"
"567",2047,"Eta Aquariids",2047-04-19,2047-05-06,2047-05-28,"Apr 19 - May 28","May 06",50,"Moderate"
"568",2047,"Geminids",2047-12-04,2047-12-14,2047-12-20,"Dec 04 - Dec 20","Dec 14",150,"Very High"
"569",2047,"Leonids",2047-11-06,2047-11-17,2047-11-30,"Nov 06 - Nov 30","Nov 17",15,"Low"
"570",2047,"Lyrids",2047-04-15,2047-04-22,2047-04-29,"Apr 15 - Apr 29","Apr 22",18,"Low"
"571",2047,"Northern Taurids",2047-10-13,2047-11-12,2047-12-02,"Oct 13 - Dec 02","Nov 12",5,"Very Low"
"572",2047,"Orionids",2047-10-02,2047-10-22,2047-11-07,"Oct 02 - Nov 07","Oct 22",20,"Low"
"573",2047,"Perseids",2047-07-17,2047-08-12,2047-08-24,"Jul 17 - Aug 24","Aug 12",100,"High"
"574",2047,"Quadrantids",2047-01-01,2047-01-03,2047-01-05,"Jan 01 - Jan 05","Jan 03",120,"Very High"
"575",2047,"Southern Taurids",2047-09-23,2047-10-10,2047-11-27,"Sep 23 - Nov 27","Oct 10",5,"Very Low"
"576",2047,"Ursids",2047-12-17,2047-12-22,2047-12-26,"Dec 17 - Dec 26","Dec 22",10,"Very Low"
"577",2048,"Delta Aquariids",2048-07-12,2048-07-30,2048-08-23,"Jul 12 - Aug 23","Jul 30",25,"Low"
"578",2048,"Draconids",2048-10-06,2048-10-08,2048-10-10,"Oct 06 - Oct 10","Oct 08",10,"Very Low"
"579",2048,"Eta Aquariids",2048-04-19,2048-05-06,2048-05-28,"Apr 19 - May 28","May 06",50,"Moderate"
"580",2048,"Geminids",2048-12-04,2048-12-14,2048-12-20,"Dec 04 - Dec 20","Dec 14",150,"Very High"
"581",2048,"Leonids",2048-11-06,2048-11-17,2048-11-30,"Nov 06 - Nov 30","Nov 17",15,"Low"
"582",2048,"Lyrids",2048-04-15,2048-04-22,2048-04-29,"Apr 15 - Apr 29","Apr 22",18,"Low"
"583",2048,"Northern Taurids",2048-10-13,2048-11-12,2048-12-02,"Oct 13 - Dec 02","Nov 12",5,"Very Low"
"584",2048,"Orionids",2048-10-02,2048-10-22,2048-11-07,"Oct 02 - Nov 07","Oct 22",20,"Low"
"585",2048,"Perseids",2048-07-17,2048-08-12,2048-08-24,"Jul 17 - Aug 24","Aug 12",100,"High"
"586",2048,"Quadrantids",2048-01-01,2048-01-03,2048-01-05,"Jan 01 - Jan 05","Jan 03",120,"Very High"
"587",2048,"Southern Taurids",2048-09-23,2048-10-10,2048-11-27,"Sep 23 - Nov 27","Oct 10",5,"Very Low"
"588",2048,"Ursids",2048-12-17,2048-12-22,2048-12-26,"Dec 17 - Dec 26","Dec 22",10,"Very Low"
"589",2049,"Delta Aquariids",2049-07-12,2049-07-30,2049-08-23,"Jul 12 - Aug 23","Jul 30",25,"Low"
"590",2049,"Draconids",2049-10-06,2049-10-08,2049-10-10,"Oct 06 - Oct 10","Oct 08",10,"Very Low"
"591",2049,"Eta Aquariids",2049-04-19,2049-05-06,2049-05-28,"Apr 19 - May 28","May 06",50,"Moderate"
"592",2049,"Geminids",2049-12-04,2049-12-14,2049-12-20,"Dec 04 - Dec 20","Dec 14",150,"Very High"
"593",2049,"Leonids",2049-11-06,2049-11-17,2049-11-30,"Nov 06 - Nov 30","Nov 17",15,"Low"
"594",2049,"Lyrids",2049-04-15,2049-04-22,2049-04-29,"Apr 15 - Apr 29","Apr 22",18,"Low"
"595",2049,"Northern Taurids",2049-10-13,2049-11-12,2049-12-02,"Oct 13 - Dec 02","Nov 12",5,"Very Low"
"596",2049,"Orionids",2049-10-02,2049-10-22,2049-11-07,"Oct 02 - Nov 07","Oct 22",20,"Low"
"597",2049,"Perseids",2049-07-17,2049-08-12,2049-08-24,"Jul 17 - Aug 24","Aug 12",100,"High"
"598",2049,"Quadrantids",2049-01-01,2049-01-03,2049-01-05,"Jan 01 - Jan 05","Jan 03",120,"Very High"
"599",2049,"Southern Taurids",2049-09-23,2049-10-10,2049-11-27,"Sep 23 - Nov 27","Oct 10",5,"Very Low"
"600",2049,"Ursids",2049-12-17,2049-12-22,2049-12-26,"Dec 17 - Dec 26","Dec 22",10,"Very Low"
"601",2050,"Delta Aquariids",2050-07-12,2050-07-30,2050-08-23,"Jul 12 - Aug 23","Jul 30",25,"Low"
"602",2050,"Draconids",2050-10-06,2050-10-08,2050-10-10,"Oct 06 - Oct 10","Oct 08",10,"Very Low"
"603",2050,"Eta Aquariids",2050-04-19,2050-05-06,2050-05-28,"Apr 19 - May 28","May 06",50,"Moderate"
"604",2050,"Geminids",2050-12-04,2050-12-14,2050-12-20,"Dec 04 - Dec 20","Dec 14",150,"Very High"
"605",2050,"Leonids",2050-11-06,2050-11-17,2050-11-30,"Nov 06 - Nov 30","Nov 17",15,"Low"
"606",2050,"Lyrids",2050-04-15,2050-04-22,2050-04-29,"Apr 15 - Apr 29","Apr 22",18,"Low"
"607",2050,"Northern Taurids",2050-10-13,2050-11-12,2050-12-02,"Oct 13 - Dec 02","Nov 12",5,"Very Low"
"608",2050,"Orionids",2050-10-02,2050-10-22,2050-11-07,"Oct 02 - Nov 07","Oct 22",20,"Low"
"609",2050,"Perseids",2050-07-17,2050-08-12,2050-08-24,"Jul 17 - Aug 24","Aug 12",100,"High"
"610",2050,"Quadrantids",2050-01-01,2050-01-03,2050-01-05,"Jan 01 - Jan 05","Jan 03",120,"Very High"
"611",2050,"Southern Taurids",2050-09-23,2050-10-10,2050-11-27,"Sep 23 - Nov 27","Oct 10",5,"Very Low"
"612",2050,"Ursids",2050-12-17,2050-12-22,2050-12-26,"Dec 17 - Dec 26","Dec 22",10,"Very Low"
"613",2051,"Delta Aquariids",2051-07-12,2051-07-30,2051-08-23,"Jul 12 - Aug 23","Jul 30",25,"Low"
"614",2051,"Draconids",2051-10-06,2051-10-08,2051-10-10,"Oct 06 - Oct 10","Oct 08",10,"Very Low"
"615",2051,"Eta Aquariids",2051-04-19,2051-05-06,2051-05-28,"Apr 19 - May 28","May 06",50,"Moderate"
"616",2051,"Geminids",2051-12-04,2051-12-14,2051-12-20,"Dec 04 - Dec 20","Dec 14",150,"Very High"
"617",2051,"Leonids",2051-11-06,2051-11-17,2051-11-30,"Nov 06 - Nov 30","Nov 17",15,"Low"
"618",2051,"Lyrids",2051-04-15,2051-04-22,2051-04-29,"Apr 15 - Apr 29","Apr 22",18,"Low"
"619",2051,"Northern Taurids",2051-10-13,2051-11-12,2051-12-02,"Oct 13 - Dec 02","Nov 12",5,"Very Low"
"620",2051,"Orionids",2051-10-02,2051-10-22,2051-11-07,"Oct 02 - Nov 07","Oct 22",20,"Low"
"621",2051,"Perseids",2051-07-17,2051-08-12,2051-08-24,"Jul 17 - Aug 24","Aug 12",100,"High"
"622",2051,"Quadrantids",2051-01-01,2051-01-03,2051-01-05,"Jan 01 - Jan 05","Jan 03",120,"Very High"
"623",2051,"Southern Taurids",2051-09-23,2051-10-10,2051-11-27,"Sep 23 - Nov 27","Oct 10",5,"Very Low"
"624",2051,"Ursids",2051-12-17,2051-12-22,2051-12-26,"Dec 17 - Dec 26","Dec 22",10,"Very Low"
"625",2052,"Delta Aquariids",2052-07-12,2052-07-30,2052-08-23,"Jul 12 - Aug 23","Jul 30",25,"Low"
"626",2052,"Draconids",2052-10-06,2052-10-08,2052-10-10,"Oct 06 - Oct 10","Oct 08",10,"Very Low"
"627",2052,"Eta Aquariids",2052-04-19,2052-05-06,2052-05-28,"Apr 19 - May 28","May 06",50,"Moderate"
"628",2052,"Geminids",2052-12-04,2052-12-14,2052-12-20,"Dec 04 - Dec 20","Dec 14",150,"Very High"
"629",2052,"Leonids",2052-11-06,2052-11-17,2052-11-30,"Nov 06 - Nov 30","Nov 17",15,"Low"
"630",2052,"Lyrids",2052-04-15,2052-04-22,2052-04-29,"Apr 15 - Apr 29","Apr 22",18,"Low"
"631",2052,"Northern Taurids",2052-10-13,2052-11-12,2052-12-02,"Oct 13 - Dec 02","Nov 12",5,"Very Low"
"632",2052,"Orionids",2052-10-02,2052-10-22,2052-11-07,"Oct 02 - Nov 07","Oct 22",20,"Low"
"633",2052,"Perseids",2052-07-17,2052-08-12,2052-08-24,"Jul 17 - Aug 24","Aug 12",100,"High"
"634",2052,"Quadrantids",2052-01-01,2052-01-03,2052-01-05,"Jan 01 - Jan 05","Jan 03",120,"Very High"
"635",2052,"Southern Taurids",2052-09-23,2052-10-10,2052-11-27,"Sep 23 - Nov 27","Oct 10",5,"Very Low"
"636",2052,"Ursids",2052-12-17,2052-12-22,2052-12-26,"Dec 17 - Dec 26","Dec 22",10,"Very Low"
"637",2053,"Delta Aquariids",2053-07-12,2053-07-30,2053-08-23,"Jul 12 - Aug 23","Jul 30",25,"Low"
"638",2053,"Draconids",2053-10-06,2053-10-08,2053-10-10,"Oct 06 - Oct 10","Oct 08",10,"Very Low"
"639",2053,"Eta Aquariids",2053-04-19,2053-05-06,2053-05-28,"Apr 19 - May 28","May 06",50,"Moderate"
"640",2053,"Geminids",2053-12-04,2053-12-14,2053-12-20,"Dec 04 - Dec 20","Dec 14",150,"Very High"
"641",2053,"Leonids",2053-11-06,2053-11-17,2053-11-30,"Nov 06 - Nov 30","Nov 17",15,"Low"
"642",2053,"Lyrids",2053-04-15,2053-04-22,2053-04-29,"Apr 15 - Apr 29","Apr 22",18,"Low"
"643",2053,"Northern Taurids",2053-10-13,2053-11-12,2053-12-02,"Oct 13 - Dec 02","Nov 12",5,"Very Low"
"644",2053,"Orionids",2053-10-02,2053-10-22,2053-11-07,"Oct 02 - Nov 07","Oct 22",20,"Low"
"645",2053,"Perseids",2053-07-17,2053-08-12,2053-08-24,"Jul 17 - Aug 24","Aug 12",100,"High"
"646",2053,"Quadrantids",2053-01-01,2053-01-03,2053-01-05,"Jan 01 - Jan 05","Jan 03",120,"Very High"
"647",2053,"Southern Taurids",2053-09-23,2053-10-10,2053-11-27,"Sep 23 - Nov 27","Oct 10",5,"Very Low"
"648",2053,"Ursids",2053-12-17,2053-12-22,2053-12-26,"Dec 17 - Dec 26","Dec 22",10,"Very Low"
"649",2054,"Delta Aquariids",2054-07-12,2054-07-30,2054-08-23,"Jul 12 - Aug 23","Jul 30",25,"Low"
"650",2054,"Draconids",2054-10-06,2054-10-08,2054-10-10,"Oct 06 - Oct 10","Oct 08",10,"Very Low"
"651",2054,"Eta Aquariids",2054-04-19,2054-05-06,2054-05-28,"Apr 19 - May 28","May 06",50,"Moderate"
"652",2054,"Geminids",2054-12-04,2054-12-14,2054-12-20,"Dec 04 - Dec 20","Dec 14",150,"Very High"
"653",2054,"Leonids",2054-11-06,2054-11-17,2054-11-30,"Nov 06 - Nov 30","Nov 17",15,"Low"
"654",2054,"Lyrids",2054-04-15,2054-04-22,2054-04-29,"Apr 15 - Apr 29","Apr 22",18,"Low"
"655",2054,"Northern Taurids",2054-10-13,2054-11-12,2054-12-02,"Oct 13 - Dec 02","Nov 12",5,"Very Low"
"656",2054,"Orionids",2054-10-02,2054-10-22,2054-11-07,"Oct 02 - Nov 07","Oct 22",20,"Low"
"657",2054,"Perseids",2054-07-17,2054-08-12,2054-08-24,"Jul 17 - Aug 24","Aug 12",100,"High"
"658",2054,"Quadrantids",2054-01-01,2054-01-03,2054-01-05,"Jan 01 - Jan 05","Jan 03",120,"Very High"
"659",2054,"Southern Taurids",2054-09-23,2054-10-10,2054-11-27,"Sep 23 - Nov 27","Oct 10",5,"Very Low"
"660",2054,"Ursids",2054-12-17,2054-12-22,2054-12-26,"Dec 17 - Dec 26","Dec 22",10,"Very Low"
"661",2055,"Delta Aquariids",2055-07-12,2055-07-30,2055-08-23,"Jul 12 - Aug 23","Jul 30",25,"Low"
"662",2055,"Draconids",2055-10-06,2055-10-08,2055-10-10,"Oct 06 - Oct 10","Oct 08",10,"Very Low"
"663",2055,"Eta Aquariids",2055-04-19,2055-05-06,2055-05-28,"Apr 19 - May 28","May 06",50,"Moderate"
"664",2055,"Geminids",2055-12-04,2055-12-14,2055-12-20,"Dec 04 - Dec 20","Dec 14",150,"Very High"
"665",2055,"Leonids",2055-11-06,2055-11-17,2055-11-30,"Nov 06 - Nov 30","Nov 17",15,"Low"
"666",2055,"Lyrids",2055-04-15,2055-04-22,2055-04-29,"Apr 15 - Apr 29","Apr 22",18,"Low"
"667",2055,"Northern Taurids",2055-10-13,2055-11-12,2055-12-02,"Oct 13 - Dec 02","Nov 12",5,"Very Low"
"668",2055,"Orionids",2055-10-02,2055-10-22,2055-11-07,"Oct 02 - Nov 07","Oct 22",20,"Low"
"669",2055,"Perseids",2055-07-17,2055-08-12,2055-08-24,"Jul 17 - Aug 24","Aug 12",100,"High"
"670",2055,"Quadrantids",2055-01-01,2055-01-03,2055-01-05,"Jan 01 - Jan 05","Jan 03",120,"Very High"
"671",2055,"Southern Taurids",2055-09-23,2055-10-10,2055-11-27,"Sep 23 - Nov 27","Oct 10",5,"Very Low"
"672",2055,"Ursids",2055-12-17,2055-12-22,2055-12-26,"Dec 17 - Dec 26","Dec 22",10,"Very Low"
"673",2056,"Delta Aquariids",2056-07-12,2056-07-30,2056-08-23,"Jul 12 - Aug 23","Jul 30",25,"Low"
"674",2056,"Draconids",2056-10-06,2056-10-08,2056-10-10,"Oct 06 - Oct 10","Oct 08",10,"Very Low"
"675",2056,"Eta Aquariids",2056-04-19,2056-05-06,2056-05-28,"Apr 19 - May 28","May 06",50,"Moderate"
"676",2056,"Geminids",2056-12-04,2056-12-14,2056-12-20,"Dec 04 - Dec 20","Dec 14",150,"Very High"
"677",2056,"Leonids",2056-11-06,2056-11-17,2056-11-30,"Nov 06 - Nov 30","Nov 17",15,"Low"
"678",2056,"Lyrids",2056-04-15,2056-04-22,2056-04-29,"Apr 15 - Apr 29","Apr 22",18,"Low"
"679",2056,"Northern Taurids",2056-10-13,2056-11-12,2056-12-02,"Oct 13 - Dec 02","Nov 12",5,"Very Low"
"680",2056,"Orionids",2056-10-02,2056-10-22,2056-11-07,"Oct 02 - Nov 07","Oct 22",20,"Low"
"681",2056,"Perseids",2056-07-17,2056-08-12,2056-08-24,"Jul 17 - Aug 24","Aug 12",100,"High"
"682",2056,"Quadrantids",2056-01-01,2056-01-03,2056-01-05,"Jan 01 - Jan 05","Jan 03",120,"Very High"
"683",2056,"Southern Taurids",2056-09-23,2056-10-10,2056-11-27,"Sep 23 - Nov 27","Oct 10",5,"Very Low"
"684",2056,"Ursids",2056-12-17,2056-12-22,2056-12-26,"Dec 17 - Dec 26","Dec 22",10,"Very Low"
"685",2057,"Delta Aquariids",2057-07-12,2057-07-30,2057-08-23,"Jul 12 - Aug 23","Jul 30",25,"Low"
"686",2057,"Draconids",2057-10-06,2057-10-08,2057-10-10,"Oct 06 - Oct 10","Oct 08",10,"Very Low"
"687",2057,"Eta Aquariids",2057-04-19,2057-05-06,2057-05-28,"Apr 19 - May 28","May 06",50,"Moderate"
"688",2057,"Geminids",2057-12-04,2057-12-14,2057-12-20,"Dec 04 - Dec 20","Dec 14",150,"Very High"
"689",2057,"Leonids",2057-11-06,2057-11-17,2057-11-30,"Nov 06 - Nov 30","Nov 17",15,"Low"
"690",2057,"Lyrids",2057-04-15,2057-04-22,2057-04-29,"Apr 15 - Apr 29","Apr 22",18,"Low"
"691",2057,"Northern Taurids",2057-10-13,2057-11-12,2057-12-02,"Oct 13 - Dec 02","Nov 12",5,"Very Low"
"692",2057,"Orionids",2057-10-02,2057-10-22,2057-11-07,"Oct 02 - Nov 07","Oct 22",20,"Low"
"693",2057,"Perseids",2057-07-17,2057-08-12,2057-08-24,"Jul 17 - Aug 24","Aug 12",100,"High"
"694",2057,"Quadrantids",2057-01-01,2057-01-03,2057-01-05,"Jan 01 - Jan 05","Jan 03",120,"Very High"
"695",2057,"Southern Taurids",2057-09-23,2057-10-10,2057-11-27,"Sep 23 - Nov 27","Oct 10",5,"Very Low"
"696",2057,"Ursids",2057-12-17,2057-12-22,2057-12-26,"Dec 17 - Dec 26","Dec 22",10,"Very Low"
"697",2058,"Delta Aquariids",2058-07-12,2058-07-30,2058-08-23,"Jul 12 - Aug 23","Jul 30",25,"Low"
"698",2058,"Draconids",2058-10-06,2058-10-08,2058-10-10,"Oct 06 - Oct 10","Oct 08",10,"Very Low"
"699",2058,"Eta Aquariids",2058-04-19,2058-05-06,2058-05-28,"Apr 19 - May 28","May 06",50,"Moderate"
"700",2058,"Geminids",2058-12-04,2058-12-14,2058-12-20,"Dec 04 - Dec 20","Dec 14",150,"Very High"
"701",2058,"Leonids",2058-11-06,2058-11-17,2058-11-30,"Nov 06 - Nov 30","Nov 17",15,"Low"
"702",2058,"Lyrids",2058-04-15,2058-04-22,2058-04-29,"Apr 15 - Apr 29","Apr 22",18,"Low"
"703",2058,"Northern Taurids",2058-10-13,2058-11-12,2058-12-02,"Oct 13 - Dec 02","Nov 12",5,"Very Low"
"704",2058,"Orionids",2058-10-02,2058-10-22,2058-11-07,"Oct 02 - Nov 07","Oct 22",20,"Low"
"705",2058,"Perseids",2058-07-17,2058-08-12,2058-08-24,"Jul 17 - Aug 24","Aug 12",100,"High"
"706",2058,"Quadrantids",2058-01-01,2058-01-03,2058-01-05,"Jan 01 - Jan 05","Jan 03",120,"Very High"
"707",2058,"Southern Taurids",2058-09-23,2058-10-10,2058-11-27,"Sep 23 - Nov 27","Oct 10",5,"Very Low"
"708",2058,"Ursids",2058-12-17,2058-12-22,2058-12-26,"Dec 17 - Dec 26","Dec 22",10,"Very Low"
"709",2059,"Delta Aquariids",2059-07-12,2059-07-30,2059-08-23,"Jul 12 - Aug 23","Jul 30",25,"Low"
"710",2059,"Draconids",2059-10-06,2059-10-08,2059-10-10,"Oct 06 - Oct 10","Oct 08",10,"Very Low"
"711",2059,"Eta Aquariids",2059-04-19,2059-05-06,2059-05-28,"Apr 19 - May 28","May 06",50,"Moderate"
"712",2059,"Geminids",2059-12-04,2059-12-14,2059-12-20,"Dec 04 - Dec 20","Dec 14",150,"Very High"
"713",2059,"Leonids",2059-11-06,2059-11-17,2059-11-30,"Nov 06 - Nov 30","Nov 17",15,"Low"
"714",2059,"Lyrids",2059-04-15,2059-04-22,2059-04-29,"Apr 15 - Apr 29","Apr 22",18,"Low"
"715",2059,"Northern Taurids",2059-10-13,2059-11-12,2059-12-02,"Oct 13 - Dec 02","Nov 12",5,"Very Low"
"716",2059,"Orionids",2059-10-02,2059-10-22,2059-11-07,"Oct 02 - Nov 07","Oct 22",20,"Low"
"717",2059,"Perseids",2059-07-17,2059-08-12,2059-08-24,"Jul 17 - Aug 24","Aug 12",100,"High"
"718",2059,"Quadrantids",2059-01-01,2059-01-03,2059-01-05,"Jan 01 - Jan 05","Jan 03",120,"Very High"
"719",2059,"Southern Taurids",2059-09-23,2059-10-10,2059-11-27,"Sep 23 - Nov 27","Oct 10",5,"Very Low"
"720",2059,"Ursids",2059-12-17,2059-12-22,2059-12-26,"Dec 17 - Dec 26","Dec 22",10,"Very Low"
"721",2060,"Delta Aquariids",2060-07-12,2060-07-30,2060-08-23,"Jul 12 - Aug 23","Jul 30",25,"Low"
"722",2060,"Draconids",2060-10-06,2060-10-08,2060-10-10,"Oct 06 - Oct 10","Oct 08",10,"Very Low"
"723",2060,"Eta Aquariids",2060-04-19,2060-05-06,2060-05-28,"Apr 19 - May 28","May 06",50,"Moderate"
"724",2060,"Geminids",2060-12-04,2060-12-14,2060-12-20,"Dec 04 - Dec 20","Dec 14",150,"Very High"
"725",2060,"Leonids",2060-11-06,2060-11-17,2060-11-30,"Nov 06 - Nov 30","Nov 17",15,"Low"
"726",2060,"Lyrids",2060-04-15,2060-04-22,2060-04-29,"Apr 15 - Apr 29","Apr 22",18,"Low"
"727",2060,"Northern Taurids",2060-10-13,2060-11-12,2060-12-02,"Oct 13 - Dec 02","Nov 12",5,"Very Low"
"728",2060,"Orionids",2060-10-02,2060-10-22,2060-11-07,"Oct 02 - Nov 07","Oct 22",20,"Low"
"729",2060,"Perseids",2060-07-17,2060-08-12,2060-08-24,"Jul 17 - Aug 24","Aug 12",100,"High"
"730",2060,"Quadrantids",2060-01-01,2060-01-03,2060-01-05,"Jan 01 - Jan 05","Jan 03",120,"Very High"
"731",2060,"Southern Taurids",2060-09-23,2060-10-10,2060-11-27,"Sep 23 - Nov 27","Oct 10",5,"Very Low"
"732",2060,"Ursids",2060-12-17,2060-12-22,2060-12-26,"Dec 17 - Dec 26","Dec 22",10,"Very Low"
"733",2061,"Delta Aquariids",2061-07-12,2061-07-30,2061-08-23,"Jul 12 - Aug 23","Jul 30",25,"Low"
"734",2061,"Draconids",2061-10-06,2061-10-08,2061-10-10,"Oct 06 - Oct 10","Oct 08",10,"Very Low"
"735",2061,"Eta Aquariids",2061-04-19,2061-05-06,2061-05-28,"Apr 19 - May 28","May 06",50,"Moderate"
"736",2061,"Geminids",2061-12-04,2061-12-14,2061-12-20,"Dec 04 - Dec 20","Dec 14",150,"Very High"
"737",2061,"Leonids",2061-11-06,2061-11-17,2061-11-30,"Nov 06 - Nov 30","Nov 17",15,"Low"
"738",2061,"Lyrids",2061-04-15,2061-04-22,2061-04-29,"Apr 15 - Apr 29","Apr 22",18,"Low"
"739",2061,"Northern Taurids",2061-10-13,2061-11-12,2061-12-02,"Oct 13 - Dec 02","Nov 12",5,"Very Low"
"740",2061,"Orionids",2061-10-02,2061-10-22,2061-11-07,"Oct 02 - Nov 07","Oct 22",20,"Low"
"741",2061,"Perseids",2061-07-17,2061-08-12,2061-08-24,"Jul 17 - Aug 24","Aug 12",100,"High"
"742",2061,"Quadrantids",2061-01-01,2061-01-03,2061-01-05,"Jan 01 - Jan 05","Jan 03",120,"Very High"
"743",2061,"Southern Taurids",2061-09-23,2061-10-10,2061-11-27,"Sep 23 - Nov 27","Oct 10",5,"Very Low"
"744",2061,"Ursids",2061-12-17,2061-12-22,2061-12-26,"Dec 17 - Dec 26","Dec 22",10,"Very Low"
"745",2062,"Delta Aquariids",2062-07-12,2062-07-30,2062-08-23,"Jul 12 - Aug 23","Jul 30",25,"Low"
"746",2062,"Draconids",2062-10-06,2062-10-08,2062-10-10,"Oct 06 - Oct 10","Oct 08",10,"Very Low"
"747",2062,"Eta Aquariids",2062-04-19,2062-05-06,2062-05-28,"Apr 19 - May 28","May 06",50,"Moderate"
"748",2062,"Geminids",2062-12-04,2062-12-14,2062-12-20,"Dec 04 - Dec 20","Dec 14",150,"Very High"
"749",2062,"Leonids",2062-11-06,2062-11-17,2062-11-30,"Nov 06 - Nov 30","Nov 17",15,"Low"
"750",2062,"Lyrids",2062-04-15,2062-04-22,2062-04-29,"Apr 15 - Apr 29","Apr 22",18,"Low"
"751",2062,"Northern Taurids",2062-10-13,2062-11-12,2062-12-02,"Oct 13 - Dec 02","Nov 12",5,"Very Low"
"752",2062,"Orionids",2062-10-02,2062-10-22,2062-11-07,"Oct 02 - Nov 07","Oct 22",20,"Low"
"753",2062,"Perseids",2062-07-17,2062-08-12,2062-08-24,"Jul 17 - Aug 24","Aug 12",100,"High"
"754",2062,"Quadrantids",2062-01-01,2062-01-03,2062-01-05,"Jan 01 - Jan 05","Jan 03",120,"Very High"
"755",2062,"Southern Taurids",2062-09-23,2062-10-10,2062-11-27,"Sep 23 - Nov 27","Oct 10",5,"Very Low"
"756",2062,"Ursids",2062-12-17,2062-12-22,2062-12-26,"Dec 17 - Dec 26","Dec 22",10,"Very Low"
"757",2063,"Delta Aquariids",2063-07-12,2063-07-30,2063-08-23,"Jul 12 - Aug 23","Jul 30",25,"Low"
"758",2063,"Draconids",2063-10-06,2063-10-08,2063-10-10,"Oct 06 - Oct 10","Oct 08",10,"Very Low"
"759",2063,"Eta Aquariids",2063-04-19,2063-05-06,2063-05-28,"Apr 19 - May 28","May 06",50,"Moderate"
"760",2063,"Geminids",2063-12-04,2063-12-14,2063-12-20,"Dec 04 - Dec 20","Dec 14",150,"Very High"
"761",2063,"Leonids",2063-11-06,2063-11-17,2063-11-30,"Nov 06 - Nov 30","Nov 17",15,"Low"
"762",2063,"Lyrids",2063-04-15,2063-04-22,2063-04-29,"Apr 15 - Apr 29","Apr 22",18,"Low"
"763",2063,"Northern Taurids",2063-10-13,2063-11-12,2063-12-02,"Oct 13 - Dec 02","Nov 12",5,"Very Low"
"764",2063,"Orionids",2063-10-02,2063-10-22,2063-11-07,"Oct 02 - Nov 07","Oct 22",20,"Low"
"765",2063,"Perseids",2063-07-17,2063-08-12,2063-08-24,"Jul 17 - Aug 24","Aug 12",100,"High"
"766",2063,"Quadrantids",2063-01-01,2063-01-03,2063-01-05,"Jan 01 - Jan 05","Jan 03",120,"Very High"
"767",2063,"Southern Taurids",2063-09-23,2063-10-10,2063-11-27,"Sep 23 - Nov 27","Oct 10",5,"Very Low"
"768",2063,"Ursids",2063-12-17,2063-12-22,2063-12-26,"Dec 17 - Dec 26","Dec 22",10,"Very Low"
"769",2064,"Delta Aquariids",2064-07-12,2064-07-30,2064-08-23,"Jul 12 - Aug 23","Jul 30",25,"Low"
"770",2064,"Draconids",2064-10-06,2064-10-08,2064-10-10,"Oct 06 - Oct 10","Oct 08",10,"Very Low"
"771",2064,"Eta Aquariids",2064-04-19,2064-05-06,2064-05-28,"Apr 19 - May 28","May 06",50,"Moderate"
"772",2064,"Geminids",2064-12-04,2064-12-14,2064-12-20,"Dec 04 - Dec 20","Dec 14",150,"Very High"
"773",2064,"Leonids",2064-11-06,2064-11-17,2064-11-30,"Nov 06 - Nov 30","Nov 17",15,"Low"
"774",2064,"Lyrids",2064-04-15,2064-04-22,2064-04-29,"Apr 15 - Apr 29","Apr 22",18,"Low"
"775",2064,"Northern Taurids",2064-10-13,2064-11-12,2064-12-02,"Oct 13 - Dec 02","Nov 12",5,"Very Low"
"776",2064,"Orionids",2064-10-02,2064-10-22,2064-11-07,"Oct 02 - Nov 07","Oct 22",20,"Low"
"777",2064,"Perseids",2064-07-17,2064-08-12,2064-08-24,"Jul 17 - Aug 24","Aug 12",100,"High"
"778",2064,"Quadrantids",2064-01-01,2064-01-03,2064-01-05,"Jan 01 - Jan 05","Jan 03",120,"Very High"
"779",2064,"Southern Taurids",2064-09-23,2064-10-10,2064-11-27,"Sep 23 - Nov 27","Oct 10",5,"Very Low"
"780",2064,"Ursids",2064-12-17,2064-12-22,2064-12-26,"Dec 17 - Dec 26","Dec 22",10,"Very Low"
"781",2065,"Delta Aquariids",2065-07-12,2065-07-30,2065-08-23,"Jul 12 - Aug 23","Jul 30",25,"Low"
"782",2065,"Draconids",2065-10-06,2065-10-08,2065-10-10,"Oct 06 - Oct 10","Oct 08",10,"Very Low"
"783",2065,"Eta Aquariids",2065-04-19,2065-05-06,2065-05-28,"Apr 19 - May 28","May 06",50,"Moderate"
"784",2065,"Geminids",2065-12-04,2065-12-14,2065-12-20,"Dec 04 - Dec 20","Dec 14",150,"Very High"
"785",2065,"Leonids",2065-11-06,2065-11-17,2065-11-30,"Nov 06 - Nov 30","Nov 17",15,"Low"
"786",2065,"Lyrids",2065-04-15,2065-04-22,2065-04-29,"Apr 15 - Apr 29","Apr 22",18,"Low"
"787",2065,"Northern Taurids",2065-10-13,2065-11-12,2065-12-02,"Oct 13 - Dec 02","Nov 12",5,"Very Low"
"788",2065,"Orionids",2065-10-02,2065-10-22,2065-11-07,"Oct 02 - Nov 07","Oct 22",20,"Low"
"789",2065,"Perseids",2065-07-17,2065-08-12,2065-08-24,"Jul 17 - Aug 24","Aug 12",100,"High"
"790",2065,"Quadrantids",2065-01-01,2065-01-03,2065-01-05,"Jan 01 - Jan 05","Jan 03",120,"Very High"
"791",2065,"Southern Taurids",2065-09-23,2065-10-10,2065-11-27,"Sep 23 - Nov 27","Oct 10",5,"Very Low"
"792",2065,"Ursids",2065-12-17,2065-12-22,2065-12-26,"Dec 17 - Dec 26","Dec 22",10,"Very Low"
"793",2066,"Delta Aquariids",2066-07-12,2066-07-30,2066-08-23,"Jul 12 - Aug 23","Jul 30",25,"Low"
"794",2066,"Draconids",2066-10-06,2066-10-08,2066-10-10,"Oct 06 - Oct 10","Oct 08",10,"Very Low"
"795",2066,"Eta Aquariids",2066-04-19,2066-05-06,2066-05-28,"Apr 19 - May 28","May 06",50,"Moderate"
"796",2066,"Geminids",2066-12-04,2066-12-14,2066-12-20,"Dec 04 - Dec 20","Dec 14",150,"Very High"
"797",2066,"Leonids",2066-11-06,2066-11-17,2066-11-30,"Nov 06 - Nov 30","Nov 17",15,"Low"
"798",2066,"Lyrids",2066-04-15,2066-04-22,2066-04-29,"Apr 15 - Apr 29","Apr 22",18,"Low"
"799",2066,"Northern Taurids",2066-10-13,2066-11-12,2066-12-02,"Oct 13 - Dec 02","Nov 12",5,"Very Low"
"800",2066,"Orionids",2066-10-02,2066-10-22,2066-11-07,"Oct 02 - Nov 07","Oct 22",20,"Low"
"801",2066,"Perseids",2066-07-17,2066-08-12,2066-08-24,"Jul 17 - Aug 24","Aug 12",100,"High"
"802",2066,"Quadrantids",2066-01-01,2066-01-03,2066-01-05,"Jan 01 - Jan 05","Jan 03",120,"Very High"
"803",2066,"Southern Taurids",2066-09-23,2066-10-10,2066-11-27,"Sep 23 - Nov 27","Oct 10",5,"Very Low"
"804",2066,"Ursids",2066-12-17,2066-12-22,2066-12-26,"Dec 17 - Dec 26","Dec 22",10,"Very Low"
"805",2067,"Delta Aquariids",2067-07-12,2067-07-30,2067-08-23,"Jul 12 - Aug 23","Jul 30",25,"Low"
"806",2067,"Draconids",2067-10-06,2067-10-08,2067-10-10,"Oct 06 - Oct 10","Oct 08",10,"Very Low"
"807",2067,"Eta Aquariids",2067-04-19,2067-05-06,2067-05-28,"Apr 19 - May 28","May 06",50,"Moderate"
"808",2067,"Geminids",2067-12-04,2067-12-14,2067-12-20,"Dec 04 - Dec 20","Dec 14",150,"Very High"
"809",2067,"Leonids",2067-11-06,2067-11-17,2067-11-30,"Nov 06 - Nov 30","Nov 17",15,"Low"
"810",2067,"Lyrids",2067-04-15,2067-04-22,2067-04-29,"Apr 15 - Apr 29","Apr 22",18,"Low"
"811",2067,"Northern Taurids",2067-10-13,2067-11-12,2067-12-02,"Oct 13 - Dec 02","Nov 12",5,"Very Low"
"812",2067,"Orionids",2067-10-02,2067-10-22,2067-11-07,"Oct 02 - Nov 07","Oct 22",20,"Low"
"813",2067,"Perseids",2067-07-17,2067-08-12,2067-08-24,"Jul 17 - Aug 24","Aug 12",100,"High"
"814",2067,"Quadrantids",2067-01-01,2067-01-03,2067-01-05,"Jan 01 - Jan 05","Jan 03",120,"Very High"
"815",2067,"Southern Taurids",2067-09-23,2067-10-10,2067-11-27,"Sep 23 - Nov 27","Oct 10",5,"Very Low"
"816",2067,"Ursids",2067-12-17,2067-12-22,2067-12-26,"Dec 17 - Dec 26","Dec 22",10,"Very Low"
"817",2068,"Delta Aquariids",2068-07-12,2068-07-30,2068-08-23,"Jul 12 - Aug 23","Jul 30",25,"Low"
"818",2068,"Draconids",2068-10-06,2068-10-08,2068-10-10,"Oct 06 - Oct 10","Oct 08",10,"Very Low"
"819",2068,"Eta Aquariids",2068-04-19,2068-05-06,2068-05-28,"Apr 19 - May 28","May 06",50,"Moderate"
"820",2068,"Geminids",2068-12-04,2068-12-14,2068-12-20,"Dec 04 - Dec 20","Dec 14",150,"Very High"
"821",2068,"Leonids",2068-11-06,2068-11-17,2068-11-30,"Nov 06 - Nov 30","Nov 17",15,"Low"
"822",2068,"Lyrids",2068-04-15,2068-04-22,2068-04-29,"Apr 15 - Apr 29","Apr 22",18,"Low"
"823",2068,"Northern Taurids",2068-10-13,2068-11-12,2068-12-02,"Oct 13 - Dec 02","Nov 12",5,"Very Low"
"824",2068,"Orionids",2068-10-02,2068-10-22,2068-11-07,"Oct 02 - Nov 07","Oct 22",20,"Low"
"825",2068,"Perseids",2068-07-17,2068-08-12,2068-08-24,"Jul 17 - Aug 24","Aug 12",100,"High"
"826",2068,"Quadrantids",2068-01-01,2068-01-03,2068-01-05,"Jan 01 - Jan 05","Jan 03",120,"Very High"
"827",2068,"Southern Taurids",2068-09-23,2068-10-10,2068-11-27,"Sep 23 - Nov 27","Oct 10",5,"Very Low"
"828",2068,"Ursids",2068-12-17,2068-12-22,2068-12-26,"Dec 17 - Dec 26","Dec 22",10,"Very Low"
"829",2069,"Delta Aquariids",2069-07-12,2069-07-30,2069-08-23,"Jul 12 - Aug 23","Jul 30",25,"Low"
"830",2069,"Draconids",2069-10-06,2069-10-08,2069-10-10,"Oct 06 - Oct 10","Oct 08",10,"Very Low"
"831",2069,"Eta Aquariids",2069-04-19,2069-05-06,2069-05-28,"Apr 19 - May 28","May 06",50,"Moderate"
"832",2069,"Geminids",2069-12-04,2069-12-14,2069-12-20,"Dec 04 - Dec 20","Dec 14",150,"Very High"
"833",2069,"Leonids",2069-11-06,2069-11-17,2069-11-30,"Nov 06 - Nov 30","Nov 17",15,"Low"
"834",2069,"Lyrids",2069-04-15,2069-04-22,2069-04-29,"Apr 15 - Apr 29","Apr 22",18,"Low"
"835",2069,"Northern Taurids",2069-10-13,2069-11-12,2069-12-02,"Oct 13 - Dec 02","Nov 12",5,"Very Low"
"836",2069,"Orionids",2069-10-02,2069-10-22,2069-11-07,"Oct 02 - Nov 07","Oct 22",20,"Low"
"837",2069,"Perseids",2069-07-17,2069-08-12,2069-08-24,"Jul 17 - Aug 24","Aug 12",100,"High"
"838",2069,"Quadrantids",2069-01-01,2069-01-03,2069-01-05,"Jan 01 - Jan 05","Jan 03",120,"Very High"
"839",2069,"Southern Taurids",2069-09-23,2069-10-10,2069-11-27,"Sep 23 - Nov 27","Oct 10",5,"Very Low"
"840",2069,"Ursids",2069-12-17,2069-12-22,2069-12-26,"Dec 17 - Dec 26","Dec 22",10,"Very Low"
"841",2070,"Delta Aquariids",2070-07-12,2070-07-30,2070-08-23,"Jul 12 - Aug 23","Jul 30",25,"Low"
"842",2070,"Draconids",2070-10-06,2070-10-08,2070-10-10,"Oct 06 - Oct 10","Oct 08",10,"Very Low"
"843",2070,"Eta Aquariids",2070-04-19,2070-05-06,2070-05-28,"Apr 19 - May 28","May 06",50,"Moderate"
"844",2070,"Geminids",2070-12-04,2070-12-14,2070-12-20,"Dec 04 - Dec 20","Dec 14",150,"Very High"
"845",2070,"Leonids",2070-11-06,2070-11-17,2070-11-30,"Nov 06 - Nov 30","Nov 17",15,"Low"
"846",2070,"Lyrids",2070-04-15,2070-04-22,2070-04-29,"Apr 15 - Apr 29","Apr 22",18,"Low"
"847",2070,"Northern Taurids",2070-10-13,2070-11-12,2070-12-02,"Oct 13 - Dec 02","Nov 12",5,"Very Low"
"848",2070,"Orionids",2070-10-02,2070-10-22,2070-11-07,"Oct 02 - Nov 07","Oct 22",20,"Low"
"849",2070,"Perseids",2070-07-17,2070-08-12,2070-08-24,"Jul 17 - Aug 24","Aug 12",100,"High"
"850",2070,"Quadrantids",2070-01-01,2070-01-03,2070-01-05,"Jan 01 - Jan 05","Jan 03",120,"Very High"
"851",2070,"Southern Taurids",2070-09-23,2070-10-10,2070-11-27,"Sep 23 - Nov 27","Oct 10",5,"Very Low"
"852",2070,"Ursids",2070-12-17,2070-12-22,2070-12-26,"Dec 17 - Dec 26","Dec 22",10,"Very Low"
"853",2071,"Delta Aquariids",2071-07-12,2071-07-30,2071-08-23,"Jul 12 - Aug 23","Jul 30",25,"Low"
"854",2071,"Draconids",2071-10-06,2071-10-08,2071-10-10,"Oct 06 - Oct 10","Oct 08",10,"Very Low"
"855",2071,"Eta Aquariids",2071-04-19,2071-05-06,2071-05-28,"Apr 19 - May 28","May 06",50,"Moderate"
"856",2071,"Geminids",2071-12-04,2071-12-14,2071-12-20,"Dec 04 - Dec 20","Dec 14",150,"Very High"
"857",2071,"Leonids",2071-11-06,2071-11-17,2071-11-30,"Nov 06 - Nov 30","Nov 17",15,"Low"
"858",2071,"Lyrids",2071-04-15,2071-04-22,2071-04-29,"Apr 15 - Apr 29","Apr 22",18,"Low"
"859",2071,"Northern Taurids",2071-10-13,2071-11-12,2071-12-02,"Oct 13 - Dec 02","Nov 12",5,"Very Low"
"860",2071,"Orionids",2071-10-02,2071-10-22,2071-11-07,"Oct 02 - Nov 07","Oct 22",20,"Low"
"861",2071,"Perseids",2071-07-17,2071-08-12,2071-08-24,"Jul 17 - Aug 24","Aug 12",100,"High"
"862",2071,"Quadrantids",2071-01-01,2071-01-03,2071-01-05,"Jan 01 - Jan 05","Jan 03",120,"Very High"
"863",2071,"Southern Taurids",2071-09-23,2071-10-10,2071-11-27,"Sep 23 - Nov 27","Oct 10",5,"Very Low"
"864",2071,"Ursids",2071-12-17,2071-12-22,2071-12-26,"Dec 17 - Dec 26","Dec 22",10,"Very Low"
"865",2072,"Delta Aquariids",2072-07-12,2072-07-30,2072-08-23,"Jul 12 - Aug 23","Jul 30",25,"Low"
"866",2072,"Draconids",2072-10-06,2072-10-08,2072-10-10,"Oct 06 - Oct 10","Oct 08",10,"Very Low"
"867",2072,"Eta Aquariids",2072-04-19,2072-05-06,2072-05-28,"Apr 19 - May 28","May 06",50,"Moderate"
"868",2072,"Geminids",2072-12-04,2072-12-14,2072-12-20,"Dec 04 - Dec 20","Dec 14",150,"Very High"
"869",2072,"Leonids",2072-11-06,2072-11-17,2072-11-30,"Nov 06 - Nov 30","Nov 17",15,"Low"
"870",2072,"Lyrids",2072-04-15,2072-04-22,2072-04-29,"Apr 15 - Apr 29","Apr 22",18,"Low"
"871",2072,"Northern Taurids",2072-10-13,2072-11-12,2072-12-02,"Oct 13 - Dec 02","Nov 12",5,"Very Low"
"872",2072,"Orionids",2072-10-02,2072-10-22,2072-11-07,"Oct 02 - Nov 07","Oct 22",20,"Low"
"873",2072,"Perseids",2072-07-17,2072-08-12,2072-08-24,"Jul 17 - Aug 24","Aug 12",100,"High"
"874",2072,"Quadrantids",2072-01-01,2072-01-03,2072-01-05,"Jan 01 - Jan 05","Jan 03",120,"Very High"
"875",2072,"Southern Taurids",2072-09-23,2072-10-10,2072-11-27,"Sep 23 - Nov 27","Oct 10",5,"Very Low"
"876",2072,"Ursids",2072-12-17,2072-12-22,2072-12-26,"Dec 17 - Dec 26","Dec 22",10,"Very Low"
"877",2073,"Delta Aquariids",2073-07-12,2073-07-30,2073-08-23,"Jul 12 - Aug 23","Jul 30",25,"Low"
"878",2073,"Draconids",2073-10-06,2073-10-08,2073-10-10,"Oct 06 - Oct 10","Oct 08",10,"Very Low"
"879",2073,"Eta Aquariids",2073-04-19,2073-05-06,2073-05-28,"Apr 19 - May 28","May 06",50,"Moderate"
"880",2073,"Geminids",2073-12-04,2073-12-14,2073-12-20,"Dec 04 - Dec 20","Dec 14",150,"Very High"
"881",2073,"Leonids",2073-11-06,2073-11-17,2073-11-30,"Nov 06 - Nov 30","Nov 17",15,"Low"
"882",2073,"Lyrids",2073-04-15,2073-04-22,2073-04-29,"Apr 15 - Apr 29","Apr 22",18,"Low"
"883",2073,"Northern Taurids",2073-10-13,2073-11-12,2073-12-02,"Oct 13 - Dec 02","Nov 12",5,"Very Low"
"884",2073,"Orionids",2073-10-02,2073-10-22,2073-11-07,"Oct 02 - Nov 07","Oct 22",20,"Low"
"885",2073,"Perseids",2073-07-17,2073-08-12,2073-08-24,"Jul 17 - Aug 24","Aug 12",100,"High"
"886",2073,"Quadrantids",2073-01-01,2073-01-03,2073-01-05,"Jan 01 - Jan 05","Jan 03",120,"Very High"
"887",2073,"Southern Taurids",2073-09-23,2073-10-10,2073-11-27,"Sep 23 - Nov 27","Oct 10",5,"Very Low"
"888",2073,"Ursids",2073-12-17,2073-12-22,2073-12-26,"Dec 17 - Dec 26","Dec 22",10,"Very Low"
"889",2074,"Delta Aquariids",2074-07-12,2074-07-30,2074-08-23,"Jul 12 - Aug 23","Jul 30",25,"Low"
"890",2074,"Draconids",2074-10-06,2074-10-08,2074-10-10,"Oct 06 - Oct 10","Oct 08",10,"Very Low"
"891",2074,"Eta Aquariids",2074-04-19,2074-05-06,2074-05-28,"Apr 19 - May 28","May 06",50,"Moderate"
"892",2074,"Geminids",2074-12-04,2074-12-14,2074-12-20,"Dec 04 - Dec 20","Dec 14",150,"Very High"
"893",2074,"Leonids",2074-11-06,2074-11-17,2074-11-30,"Nov 06 - Nov 30","Nov 17",15,"Low"
"894",2074,"Lyrids",2074-04-15,2074-04-22,2074-04-29,"Apr 15 - Apr 29","Apr 22",18,"Low"
"895",2074,"Northern Taurids",2074-10-13,2074-11-12,2074-12-02,"Oct 13 - Dec 02","Nov 12",5,"Very Low"
"896",2074,"Orionids",2074-10-02,2074-10-22,2074-11-07,"Oct 02 - Nov 07","Oct 22",20,"Low"
"897",2074,"Perseids",2074-07-17,2074-08-12,2074-08-24,"Jul 17 - Aug 24","Aug 12",100,"High"
"898",2074,"Quadrantids",2074-01-01,2074-01-03,2074-01-05,"Jan 01 - Jan 05","Jan 03",120,"Very High"
"899",2074,"Southern Taurids",2074-09-23,2074-10-10,2074-11-27,"Sep 23 - Nov 27","Oct 10",5,"Very Low"
"900",2074,"Ursids",2074-12-17,2074-12-22,2074-12-26,"Dec 17 - Dec 26","Dec 22",10,"Very Low"
"901",2075,"Delta Aquariids",2075-07-12,2075-07-30,2075-08-23,"Jul 12 - Aug 23","Jul 30",25,"Low"
"902",2075,"Draconids",2075-10-06,2075-10-08,2075-10-10,"Oct 06 - Oct 10","Oct 08",10,"Very Low"
"903",2075,"Eta Aquariids",2075-04-19,2075-05-06,2075-05-28,"Apr 19 - May 28","May 06",50,"Moderate"
"904",2075,"Geminids",2075-12-04,2075-12-14,2075-12-20,"Dec 04 - Dec 20","Dec 14",150,"Very High"
"905",2075,"Leonids",2075-11-06,2075-11-17,2075-11-30,"Nov 06 - Nov 30","Nov 17",15,"Low"
"906",2075,"Lyrids",2075-04-15,2075-04-22,2075-04-29,"Apr 15 - Apr 29","Apr 22",18,"Low"
"907",2075,"Northern Taurids",2075-10-13,2075-11-12,2075-12-02,"Oct 13 - Dec 02","Nov 12",5,"Very Low"
"908",2075,"Orionids",2075-10-02,2075-10-22,2075-11-07,"Oct 02 - Nov 07","Oct 22",20,"Low"
"909",2075,"Perseids",2075-07-17,2075-08-12,2075-08-24,"Jul 17 - Aug 24","Aug 12",100,"High"
"910",2075,"Quadrantids",2075-01-01,2075-01-03,2075-01-05,"Jan 01 - Jan 05","Jan 03",120,"Very High"
"911",2075,"Southern Taurids",2075-09-23,2075-10-10,2075-11-27,"Sep 23 - Nov 27","Oct 10",5,"Very Low"
"912",2075,"Ursids",2075-12-17,2075-12-22,2075-12-26,"Dec 17 - Dec 26","Dec 22",10,"Very Low"
"913",2076,"Delta Aquariids",2076-07-12,2076-07-30,2076-08-23,"Jul 12 - Aug 23","Jul 30",25,"Low"
"914",2076,"Draconids",2076-10-06,2076-10-08,2076-10-10,"Oct 06 - Oct 10","Oct 08",10,"Very Low"
"915",2076,"Eta Aquariids",2076-04-19,2076-05-06,2076-05-28,"Apr 19 - May 28","May 06",50,"Moderate"
"916",2076,"Geminids",2076-12-04,2076-12-14,2076-12-20,"Dec 04 - Dec 20","Dec 14",150,"Very High"
"917",2076,"Leonids",2076-11-06,2076-11-17,2076-11-30,"Nov 06 - Nov 30","Nov 17",15,"Low"
"918",2076,"Lyrids",2076-04-15,2076-04-22,2076-04-29,"Apr 15 - Apr 29","Apr 22",18,"Low"
"919",2076,"Northern Taurids",2076-10-13,2076-11-12,2076-12-02,"Oct 13 - Dec 02","Nov 12",5,"Very Low"
"920",2076,"Orionids",2076-10-02,2076-10-22,2076-11-07,"Oct 02 - Nov 07","Oct 22",20,"Low"
"921",2076,"Perseids",2076-07-17,2076-08-12,2076-08-24,"Jul 17 - Aug 24","Aug 12",100,"High"
"922",2076,"Quadrantids",2076-01-01,2076-01-03,2076-01-05,"Jan 01 - Jan 05","Jan 03",120,"Very High"
"923",2076,"Southern Taurids",2076-09-23,2076-10-10,2076-11-27,"Sep 23 - Nov 27","Oct 10",5,"Very Low"
"924",2076,"Ursids",2076-12-17,2076-12-22,2076-12-26,"Dec 17 - Dec 26","Dec 22",10,"Very Low"
"925",2077,"Delta Aquariids",2077-07-12,2077-07-30,2077-08-23,"Jul 12 - Aug 23","Jul 30",25,"Low"
"926",2077,"Draconids",2077-10-06,2077-10-08,2077-10-10,"Oct 06 - Oct 10","Oct 08",10,"Very Low"
"927",2077,"Eta Aquariids",2077-04-19,2077-05-06,2077-05-28,"Apr 19 - May 28","May 06",50,"Moderate"
"928",2077,"Geminids",2077-12-04,2077-12-14,2077-12-20,"Dec 04 - Dec 20","Dec 14",150,"Very High"
"929",2077,"Leonids",2077-11-06,2077-11-17,2077-11-30,"Nov 06 - Nov 30","Nov 17",15,"Low"
"930",2077,"Lyrids",2077-04-15,2077-04-22,2077-04-29,"Apr 15 - Apr 29","Apr 22",18,"Low"
"931",2077,"Northern Taurids",2077-10-13,2077-11-12,2077-12-02,"Oct 13 - Dec 02","Nov 12",5,"Very Low"
"932",2077,"Orionids",2077-10-02,2077-10-22,2077-11-07,"Oct 02 - Nov 07","Oct 22",20,"Low"
"933",2077,"Perseids",2077-07-17,2077-08-12,2077-08-24,"Jul 17 - Aug 24","Aug 12",100,"High"
"934",2077,"Quadrantids",2077-01-01,2077-01-03,2077-01-05,"Jan 01 - Jan 05","Jan 03",120,"Very High"
"935",2077,"Southern Taurids",2077-09-23,2077-10-10,2077-11-27,"Sep 23 - Nov 27","Oct 10",5,"Very Low"
"936",2077,"Ursids",2077-12-17,2077-12-22,2077-12-26,"Dec 17 - Dec 26","Dec 22",10,"Very Low"
"937",2078,"Delta Aquariids",2078-07-12,2078-07-30,2078-08-23,"Jul 12 - Aug 23","Jul 30",25,"Low"
"938",2078,"Draconids",2078-10-06,2078-10-08,2078-10-10,"Oct 06 - Oct 10","Oct 08",10,"Very Low"
"939",2078,"Eta Aquariids",2078-04-19,2078-05-06,2078-05-28,"Apr 19 - May 28","May 06",50,"Moderate"
"940",2078,"Geminids",2078-12-04,2078-12-14,2078-12-20,"Dec 04 - Dec 20","Dec 14",150,"Very High"
"941",2078,"Leonids",2078-11-06,2078-11-17,2078-11-30,"Nov 06 - Nov 30","Nov 17",15,"Low"
"942",2078,"Lyrids",2078-04-15,2078-04-22,2078-04-29,"Apr 15 - Apr 29","Apr 22",18,"Low"
"943",2078,"Northern Taurids",2078-10-13,2078-11-12,2078-12-02,"Oct 13 - Dec 02","Nov 12",5,"Very Low"
"944",2078,"Orionids",2078-10-02,2078-10-22,2078-11-07,"Oct 02 - Nov 07","Oct 22",20,"Low"
"945",2078,"Perseids",2078-07-17,2078-08-12,2078-08-24,"Jul 17 - Aug 24","Aug 12",100,"High"
"946",2078,"Quadrantids",2078-01-01,2078-01-03,2078-01-05,"Jan 01 - Jan 05","Jan 03",120,"Very High"
"947",2078,"Southern Taurids",2078-09-23,2078-10-10,2078-11-27,"Sep 23 - Nov 27","Oct 10",5,"Very Low"
"948",2078,"Ursids",2078-12-17,2078-12-22,2078-12-26,"Dec 17 - Dec 26","Dec 22",10,"Very Low"
"949",2079,"Delta Aquariids",2079-07-12,2079-07-30,2079-08-23,"Jul 12 - Aug 23","Jul 30",25,"Low"
"950",2079,"Draconids",2079-10-06,2079-10-08,2079-10-10,"Oct 06 - Oct 10","Oct 08",10,"Very Low"
"951",2079,"Eta Aquariids",2079-04-19,2079-05-06,2079-05-28,"Apr 19 - May 28","May 06",50,"Moderate"
"952",2079,"Geminids",2079-12-04,2079-12-14,2079-12-20,"Dec 04 - Dec 20","Dec 14",150,"Very High"
"953",2079,"Leonids",2079-11-06,2079-11-17,2079-11-30,"Nov 06 - Nov 30","Nov 17",15,"Low"
"954",2079,"Lyrids",2079-04-15,2079-04-22,2079-04-29,"Apr 15 - Apr 29","Apr 22",18,"Low"
"955",2079,"Northern Taurids",2079-10-13,2079-11-12,2079-12-02,"Oct 13 - Dec 02","Nov 12",5,"Very Low"
"956",2079,"Orionids",2079-10-02,2079-10-22,2079-11-07,"Oct 02 - Nov 07","Oct 22",20,"Low"
"957",2079,"Perseids",2079-07-17,2079-08-12,2079-08-24,"Jul 17 - Aug 24","Aug 12",100,"High"
"958",2079,"Quadrantids",2079-01-01,2079-01-03,2079-01-05,"Jan 01 - Jan 05","Jan 03",120,"Very High"
"959",2079,"Southern Taurids",2079-09-23,2079-10-10,2079-11-27,"Sep 23 - Nov 27","Oct 10",5,"Very Low"
"960",2079,"Ursids",2079-12-17,2079-12-22,2079-12-26,"Dec 17 - Dec 26","Dec 22",10,"Very Low"
"961",2080,"Delta Aquariids",2080-07-12,2080-07-30,2080-08-23,"Jul 12 - Aug 23","Jul 30",25,"Low"
"962",2080,"Draconids",2080-10-06,2080-10-08,2080-10-10,"Oct 06 - Oct 10","Oct 08",10,"Very Low"
"963",2080,"Eta Aquariids",2080-04-19,2080-05-06,2080-05-28,"Apr 19 - May 28","May 06",50,"Moderate"
"964",2080,"Geminids",2080-12-04,2080-12-14,2080-12-20,"Dec 04 - Dec 20","Dec 14",150,"Very High"
"965",2080,"Leonids",2080-11-06,2080-11-17,2080-11-30,"Nov 06 - Nov 30","Nov 17",15,"Low"
"966",2080,"Lyrids",2080-04-15,2080-04-22,2080-04-29,"Apr 15 - Apr 29","Apr 22",18,"Low"
"967",2080,"Northern Taurids",2080-10-13,2080-11-12,2080-12-02,"Oct 13 - Dec 02","Nov 12",5,"Very Low"
"968",2080,"Orionids",2080-10-02,2080-10-22,2080-11-07,"Oct 02 - Nov 07","Oct 22",20,"Low"
"969",2080,"Perseids",2080-07-17,2080-08-12,2080-08-24,"Jul 17 - Aug 24","Aug 12",100,"High"
"970",2080,"Quadrantids",2080-01-01,2080-01-03,2080-01-05,"Jan 01 - Jan 05","Jan 03",120,"Very High"
"971",2080,"Southern Taurids",2080-09-23,2080-10-10,2080-11-27,"Sep 23 - Nov 27","Oct 10",5,"Very Low"
"972",2080,"Ursids",2080-12-17,2080-12-22,2080-12-26,"Dec 17 - Dec 26","Dec 22",10,"Very Low"
"973",2081,"Delta Aquariids",2081-07-12,2081-07-30,2081-08-23,"Jul 12 - Aug 23","Jul 30",25,"Low"
"974",2081,"Draconids",2081-10-06,2081-10-08,2081-10-10,"Oct 06 - Oct 10","Oct 08",10,"Very Low"
"975",2081,"Eta Aquariids",2081-04-19,2081-05-06,2081-05-28,"Apr 19 - May 28","May 06",50,"Moderate"
"976",2081,"Geminids",2081-12-04,2081-12-14,2081-12-20,"Dec 04 - Dec 20","Dec 14",150,"Very High"
"977",2081,"Leonids",2081-11-06,2081-11-17,2081-11-30,"Nov 06 - Nov 30","Nov 17",15,"Low"
"978",2081,"Lyrids",2081-04-15,2081-04-22,2081-04-29,"Apr 15 - Apr 29","Apr 22",18,"Low"
"979",2081,"Northern Taurids",2081-10-13,2081-11-12,2081-12-02,"Oct 13 - Dec 02","Nov 12",5,"Very Low"
"980",2081,"Orionids",2081-10-02,2081-10-22,2081-11-07,"Oct 02 - Nov 07","Oct 22",20,"Low"
"981",2081,"Perseids",2081-07-17,2081-08-12,2081-08-24,"Jul 17 - Aug 24","Aug 12",100,"High"
"982",2081,"Quadrantids",2081-01-01,2081-01-03,2081-01-05,"Jan 01 - Jan 05","Jan 03",120,"Very High"
"983",2081,"Southern Taurids",2081-09-23,2081-10-10,2081-11-27,"Sep 23 - Nov 27","Oct 10",5,"Very Low"
"984",2081,"Ursids",2081-12-17,2081-12-22,2081-12-26,"Dec 17 - Dec 26","Dec 22",10,"Very Low"
"985",2082,"Delta Aquariids",2082-07-12,2082-07-30,2082-08-23,"Jul 12 - Aug 23","Jul 30",25,"Low"
"986",2082,"Draconids",2082-10-06,2082-10-08,2082-10-10,"Oct 06 - Oct 10","Oct 08",10,"Very Low"
"987",2082,"Eta Aquariids",2082-04-19,2082-05-06,2082-05-28,"Apr 19 - May 28","May 06",50,"Moderate"
"988",2082,"Geminids",2082-12-04,2082-12-14,2082-12-20,"Dec 04 - Dec 20","Dec 14",150,"Very High"
"989",2082,"Leonids",2082-11-06,2082-11-17,2082-11-30,"Nov 06 - Nov 30","Nov 17",15,"Low"
"990",2082,"Lyrids",2082-04-15,2082-04-22,2082-04-29,"Apr 15 - Apr 29","Apr 22",18,"Low"
"991",2082,"Northern Taurids",2082-10-13,2082-11-12,2082-12-02,"Oct 13 - Dec 02","Nov 12",5,"Very Low"
"992",2082,"Orionids",2082-10-02,2082-10-22,2082-11-07,"Oct 02 - Nov 07","Oct 22",20,"Low"
"993",2082,"Perseids",2082-07-17,2082-08-12,2082-08-24,"Jul 17 - Aug 24","Aug 12",100,"High"
"994",2082,"Quadrantids",2082-01-01,2082-01-03,2082-01-05,"Jan 01 - Jan 05","Jan 03",120,"Very High"
"995",2082,"Southern Taurids",2082-09-23,2082-10-10,2082-11-27,"Sep 23 - Nov 27","Oct 10",5,"Very Low"
"996",2082,"Ursids",2082-12-17,2082-12-22,2082-12-26,"Dec 17 - Dec 26","Dec 22",10,"Very Low"
"997",2083,"Delta Aquariids",2083-07-12,2083-07-30,2083-08-23,"Jul 12 - Aug 23","Jul 30",25,"Low"
"998",2083,"Draconids",2083-10-06,2083-10-08,2083-10-10,"Oct 06 - Oct 10","Oct 08",10,"Very Low"
"999",2083,"Eta Aquariids",2083-04-19,2083-05-06,2083-05-28,"Apr 19 - May 28","May 06",50,"Moderate"
"1000",2083,"Geminids",2083-12-04,2083-12-14,2083-12-20,"Dec 04 - Dec 20","Dec 14",150,"Very High"
"1001",2083,"Leonids",2083-11-06,2083-11-17,2083-11-30,"Nov 06 - Nov 30","Nov 17",15,"Low"
"1002",2083,"Lyrids",2083-04-15,2083-04-22,2083-04-29,"Apr 15 - Apr 29","Apr 22",18,"Low"
"1003",2083,"Northern Taurids",2083-10-13,2083-11-12,2083-12-02,"Oct 13 - Dec 02","Nov 12",5,"Very Low"
"1004",2083,"Orionids",2083-10-02,2083-10-22,2083-11-07,"Oct 02 - Nov 07","Oct 22",20,"Low"
"1005",2083,"Perseids",2083-07-17,2083-08-12,2083-08-24,"Jul 17 - Aug 24","Aug 12",100,"High"
"1006",2083,"Quadrantids",2083-01-01,2083-01-03,2083-01-05,"Jan 01 - Jan 05","Jan 03",120,"Very High"
"1007",2083,"Southern Taurids",2083-09-23,2083-10-10,2083-11-27,"Sep 23 - Nov 27","Oct 10",5,"Very Low"
"1008",2083,"Ursids",2083-12-17,2083-12-22,2083-12-26,"Dec 17 - Dec 26","Dec 22",10,"Very Low"
"1009",2084,"Delta Aquariids",2084-07-12,2084-07-30,2084-08-23,"Jul 12 - Aug 23","Jul 30",25,"Low"
"1010",2084,"Draconids",2084-10-06,2084-10-08,2084-10-10,"Oct 06 - Oct 10","Oct 08",10,"Very Low"
"1011",2084,"Eta Aquariids",2084-04-19,2084-05-06,2084-05-28,"Apr 19 - May 28","May 06",50,"Moderate"
"1012",2084,"Geminids",2084-12-04,2084-12-14,2084-12-20,"Dec 04 - Dec 20","Dec 14",150,"Very High"
"1013",2084,"Leonids",2084-11-06,2084-11-17,2084-11-30,"Nov 06 - Nov 30","Nov 17",15,"Low"
"1014",2084,"Lyrids",2084-04-15,2084-04-22,2084-04-29,"Apr 15 - Apr 29","Apr 22",18,"Low"
"1015",2084,"Northern Taurids",2084-10-13,2084-11-12,2084-12-02,"Oct 13 - Dec 02","Nov 12",5,"Very Low"
"1016",2084,"Orionids",2084-10-02,2084-10-22,2084-11-07,"Oct 02 - Nov 07","Oct 22",20,"Low"
"1017",2084,"Perseids",2084-07-17,2084-08-12,2084-08-24,"Jul 17 - Aug 24","Aug 12",100,"High"
"1018",2084,"Quadrantids",2084-01-01,2084-01-03,2084-01-05,"Jan 01 - Jan 05","Jan 03",120,"Very High"
"1019",2084,"Southern Taurids",2084-09-23,2084-10-10,2084-11-27,"Sep 23 - Nov 27","Oct 10",5,"Very Low"
"1020",2084,"Ursids",2084-12-17,2084-12-22,2084-12-26,"Dec 17 - Dec 26","Dec 22",10,"Very Low"
"1021",2085,"Delta Aquariids",2085-07-12,2085-07-30,2085-08-23,"Jul 12 - Aug 23","Jul 30",25,"Low"
"1022",2085,"Draconids",2085-10-06,2085-10-08,2085-10-10,"Oct 06 - Oct 10","Oct 08",10,"Very Low"
"1023",2085,"Eta Aquariids",2085-04-19,2085-05-06,2085-05-28,"Apr 19 - May 28","May 06",50,"Moderate"
"1024",2085,"Geminids",2085-12-04,2085-12-14,2085-12-20,"Dec 04 - Dec 20","Dec 14",150,"Very High"
"1025",2085,"Leonids",2085-11-06,2085-11-17,2085-11-30,"Nov 06 - Nov 30","Nov 17",15,"Low"
"1026",2085,"Lyrids",2085-04-15,2085-04-22,2085-04-29,"Apr 15 - Apr 29","Apr 22",18,"Low"
"1027",2085,"Northern Taurids",2085-10-13,2085-11-12,2085-12-02,"Oct 13 - Dec 02","Nov 12",5,"Very Low"
"1028",2085,"Orionids",2085-10-02,2085-10-22,2085-11-07,"Oct 02 - Nov 07","Oct 22",20,"Low"
"1029",2085,"Perseids",2085-07-17,2085-08-12,2085-08-24,"Jul 17 - Aug 24","Aug 12",100,"High"
"1030",2085,"Quadrantids",2085-01-01,2085-01-03,2085-01-05,"Jan 01 - Jan 05","Jan 03",120,"Very High"
"1031",2085,"Southern Taurids",2085-09-23,2085-10-10,2085-11-27,"Sep 23 - Nov 27","Oct 10",5,"Very Low"
"1032",2085,"Ursids",2085-12-17,2085-12-22,2085-12-26,"Dec 17 - Dec 26","Dec 22",10,"Very Low"
"1033",2086,"Delta Aquariids",2086-07-12,2086-07-30,2086-08-23,"Jul 12 - Aug 23","Jul 30",25,"Low"
"1034",2086,"Draconids",2086-10-06,2086-10-08,2086-10-10,"Oct 06 - Oct 10","Oct 08",10,"Very Low"
"1035",2086,"Eta Aquariids",2086-04-19,2086-05-06,2086-05-28,"Apr 19 - May 28","May 06",50,"Moderate"
"1036",2086,"Geminids",2086-12-04,2086-12-14,2086-12-20,"Dec 04 - Dec 20","Dec 14",150,"Very High"
"1037",2086,"Leonids",2086-11-06,2086-11-17,2086-11-30,"Nov 06 - Nov 30","Nov 17",15,"Low"
"1038",2086,"Lyrids",2086-04-15,2086-04-22,2086-04-29,"Apr 15 - Apr 29","Apr 22",18,"Low"
"1039",2086,"Northern Taurids",2086-10-13,2086-11-12,2086-12-02,"Oct 13 - Dec 02","Nov 12",5,"Very Low"
"1040",2086,"Orionids",2086-10-02,2086-10-22,2086-11-07,"Oct 02 - Nov 07","Oct 22",20,"Low"
"1041",2086,"Perseids",2086-07-17,2086-08-12,2086-08-24,"Jul 17 - Aug 24","Aug 12",100,"High"
"1042",2086,"Quadrantids",2086-01-01,2086-01-03,2086-01-05,"Jan 01 - Jan 05","Jan 03",120,"Very High"
"1043",2086,"Southern Taurids",2086-09-23,2086-10-10,2086-11-27,"Sep 23 - Nov 27","Oct 10",5,"Very Low"
"1044",2086,"Ursids",2086-12-17,2086-12-22,2086-12-26,"Dec 17 - Dec 26","Dec 22",10,"Very Low"
"1045",2087,"Delta Aquariids",2087-07-12,2087-07-30,2087-08-23,"Jul 12 - Aug 23","Jul 30",25,"Low"
"1046",2087,"Draconids",2087-10-06,2087-10-08,2087-10-10,"Oct 06 - Oct 10","Oct 08",10,"Very Low"
"1047",2087,"Eta Aquariids",2087-04-19,2087-05-06,2087-05-28,"Apr 19 - May 28","May 06",50,"Moderate"
"1048",2087,"Geminids",2087-12-04,2087-12-14,2087-12-20,"Dec 04 - Dec 20","Dec 14",150,"Very High"
"1049",2087,"Leonids",2087-11-06,2087-11-17,2087-11-30,"Nov 06 - Nov 30","Nov 17",15,"Low"
"1050",2087,"Lyrids",2087-04-15,2087-04-22,2087-04-29,"Apr 15 - Apr 29","Apr 22",18,"Low"
"1051",2087,"Northern Taurids",2087-10-13,2087-11-12,2087-12-02,"Oct 13 - Dec 02","Nov 12",5,"Very Low"
"1052",2087,"Orionids",2087-10-02,2087-10-22,2087-11-07,"Oct 02 - Nov 07","Oct 22",20,"Low"
"1053",2087,"Perseids",2087-07-17,2087-08-12,2087-08-24,"Jul 17 - Aug 24","Aug 12",100,"High"
"1054",2087,"Quadrantids",2087-01-01,2087-01-03,2087-01-05,"Jan 01 - Jan 05","Jan 03",120,"Very High"
"1055",2087,"Southern Taurids",2087-09-23,2087-10-10,2087-11-27,"Sep 23 - Nov 27","Oct 10",5,"Very Low"
"1056",2087,"Ursids",2087-12-17,2087-12-22,2087-12-26,"Dec 17 - Dec 26","Dec 22",10,"Very Low"
"1057",2088,"Delta Aquariids",2088-07-12,2088-07-30,2088-08-23,"Jul 12 - Aug 23","Jul 30",25,"Low"
"1058",2088,"Draconids",2088-10-06,2088-10-08,2088-10-10,"Oct 06 - Oct 10","Oct 08",10,"Very Low"
"1059",2088,"Eta Aquariids",2088-04-19,2088-05-06,2088-05-28,"Apr 19 - May 28","May 06",50,"Moderate"
"1060",2088,"Geminids",2088-12-04,2088-12-14,2088-12-20,"Dec 04 - Dec 20","Dec 14",150,"Very High"
"1061",2088,"Leonids",2088-11-06,2088-11-17,2088-11-30,"Nov 06 - Nov 30","Nov 17",15,"Low"
"1062",2088,"Lyrids",2088-04-15,2088-04-22,2088-04-29,"Apr 15 - Apr 29","Apr 22",18,"Low"
"1063",2088,"Northern Taurids",2088-10-13,2088-11-12,2088-12-02,"Oct 13 - Dec 02","Nov 12",5,"Very Low"
"1064",2088,"Orionids",2088-10-02,2088-10-22,2088-11-07,"Oct 02 - Nov 07","Oct 22",20,"Low"
"1065",2088,"Perseids",2088-07-17,2088-08-12,2088-08-24,"Jul 17 - Aug 24","Aug 12",100,"High"
"1066",2088,"Quadrantids",2088-01-01,2088-01-03,2088-01-05,"Jan 01 - Jan 05","Jan 03",120,"Very High"
"1067",2088,"Southern Taurids",2088-09-23,2088-10-10,2088-11-27,"Sep 23 - Nov 27","Oct 10",5,"Very Low"
"1068",2088,"Ursids",2088-12-17,2088-12-22,2088-12-26,"Dec 17 - Dec 26","Dec 22",10,"Very Low"
"1069",2089,"Delta Aquariids",2089-07-12,2089-07-30,2089-08-23,"Jul 12 - Aug 23","Jul 30",25,"Low"
"1070",2089,"Draconids",2089-10-06,2089-10-08,2089-10-10,"Oct 06 - Oct 10","Oct 08",10,"Very Low"
"1071",2089,"Eta Aquariids",2089-04-19,2089-05-06,2089-05-28,"Apr 19 - May 28","May 06",50,"Moderate"
"1072",2089,"Geminids",2089-12-04,2089-12-14,2089-12-20,"Dec 04 - Dec 20","Dec 14",150,"Very High"
"1073",2089,"Leonids",2089-11-06,2089-11-17,2089-11-30,"Nov 06 - Nov 30","Nov 17",15,"Low"
"1074",2089,"Lyrids",2089-04-15,2089-04-22,2089-04-29,"Apr 15 - Apr 29","Apr 22",18,"Low"
"1075",2089,"Northern Taurids",2089-10-13,2089-11-12,2089-12-02,"Oct 13 - Dec 02","Nov 12",5,"Very Low"
"1076",2089,"Orionids",2089-10-02,2089-10-22,2089-11-07,"Oct 02 - Nov 07","Oct 22",20,"Low"
"1077",2089,"Perseids",2089-07-17,2089-08-12,2089-08-24,"Jul 17 - Aug 24","Aug 12",100,"High"
"1078",2089,"Quadrantids",2089-01-01,2089-01-03,2089-01-05,"Jan 01 - Jan 05","Jan 03",120,"Very High"
"1079",2089,"Southern Taurids",2089-09-23,2089-10-10,2089-11-27,"Sep 23 - Nov 27","Oct 10",5,"Very Low"
"1080",2089,"Ursids",2089-12-17,2089-12-22,2089-12-26,"Dec 17 - Dec 26","Dec 22",10,"Very Low"
"1081",2090,"Delta Aquariids",2090-07-12,2090-07-30,2090-08-23,"Jul 12 - Aug 23","Jul 30",25,"Low"
"1082",2090,"Draconids",2090-10-06,2090-10-08,2090-10-10,"Oct 06 - Oct 10","Oct 08",10,"Very Low"
"1083",2090,"Eta Aquariids",2090-04-19,2090-05-06,2090-05-28,"Apr 19 - May 28","May 06",50,"Moderate"
"1084",2090,"Geminids",2090-12-04,2090-12-14,2090-12-20,"Dec 04 - Dec 20","Dec 14",150,"Very High"
"1085",2090,"Leonids",2090-11-06,2090-11-17,2090-11-30,"Nov 06 - Nov 30","Nov 17",15,"Low"
"1086",2090,"Lyrids",2090-04-15,2090-04-22,2090-04-29,"Apr 15 - Apr 29","Apr 22",18,"Low"
"1087",2090,"Northern Taurids",2090-10-13,2090-11-12,2090-12-02,"Oct 13 - Dec 02","Nov 12",5,"Very Low"
"1088",2090,"Orionids",2090-10-02,2090-10-22,2090-11-07,"Oct 02 - Nov 07","Oct 22",20,"Low"
"1089",2090,"Perseids",2090-07-17,2090-08-12,2090-08-24,"Jul 17 - Aug 24","Aug 12",100,"High"
"1090",2090,"Quadrantids",2090-01-01,2090-01-03,2090-01-05,"Jan 01 - Jan 05","Jan 03",120,"Very High"
"1091",2090,"Southern Taurids",2090-09-23,2090-10-10,2090-11-27,"Sep 23 - Nov 27","Oct 10",5,"Very Low"
"1092",2090,"Ursids",2090-12-17,2090-12-22,2090-12-26,"Dec 17 - Dec 26","Dec 22",10,"Very Low"
"1093",2091,"Delta Aquariids",2091-07-12,2091-07-30,2091-08-23,"Jul 12 - Aug 23","Jul 30",25,"Low"
"1094",2091,"Draconids",2091-10-06,2091-10-08,2091-10-10,"Oct 06 - Oct 10","Oct 08",10,"Very Low"
"1095",2091,"Eta Aquariids",2091-04-19,2091-05-06,2091-05-28,"Apr 19 - May 28","May 06",50,"Moderate"
"1096",2091,"Geminids",2091-12-04,2091-12-14,2091-12-20,"Dec 04 - Dec 20","Dec 14",150,"Very High"
"1097",2091,"Leonids",2091-11-06,2091-11-17,2091-11-30,"Nov 06 - Nov 30","Nov 17",15,"Low"
"1098",2091,"Lyrids",2091-04-15,2091-04-22,2091-04-29,"Apr 15 - Apr 29","Apr 22",18,"Low"
"1099",2091,"Northern Taurids",2091-10-13,2091-11-12,2091-12-02,"Oct 13 - Dec 02","Nov 12",5,"Very Low"
"1100",2091,"Orionids",2091-10-02,2091-10-22,2091-11-07,"Oct 02 - Nov 07","Oct 22",20,"Low"
"1101",2091,"Perseids",2091-07-17,2091-08-12,2091-08-24,"Jul 17 - Aug 24","Aug 12",100,"High"
"1102",2091,"Quadrantids",2091-01-01,2091-01-03,2091-01-05,"Jan 01 - Jan 05","Jan 03",120,"Very High"
"1103",2091,"Southern Taurids",2091-09-23,2091-10-10,2091-11-27,"Sep 23 - Nov 27","Oct 10",5,"Very Low"
"1104",2091,"Ursids",2091-12-17,2091-12-22,2091-12-26,"Dec 17 - Dec 26","Dec 22",10,"Very Low"
"1105",2092,"Delta Aquariids",2092-07-12,2092-07-30,2092-08-23,"Jul 12 - Aug 23","Jul 30",25,"Low"
"1106",2092,"Draconids",2092-10-06,2092-10-08,2092-10-10,"Oct 06 - Oct 10","Oct 08",10,"Very Low"
"1107",2092,"Eta Aquariids",2092-04-19,2092-05-06,2092-05-28,"Apr 19 - May 28","May 06",50,"Moderate"
"1108",2092,"Geminids",2092-12-04,2092-12-14,2092-12-20,"Dec 04 - Dec 20","Dec 14",150,"Very High"
"1109",2092,"Leonids",2092-11-06,2092-11-17,2092-11-30,"Nov 06 - Nov 30","Nov 17",15,"Low"
"1110",2092,"Lyrids",2092-04-15,2092-04-22,2092-04-29,"Apr 15 - Apr 29","Apr 22",18,"Low"
"1111",2092,"Northern Taurids",2092-10-13,2092-11-12,2092-12-02,"Oct 13 - Dec 02","Nov 12",5,"Very Low"
"1112",2092,"Orionids",2092-10-02,2092-10-22,2092-11-07,"Oct 02 - Nov 07","Oct 22",20,"Low"
"1113",2092,"Perseids",2092-07-17,2092-08-12,2092-08-24,"Jul 17 - Aug 24","Aug 12",100,"High"
"1114",2092,"Quadrantids",2092-01-01,2092-01-03,2092-01-05,"Jan 01 - Jan 05","Jan 03",120,"Very High"
"1115",2092,"Southern Taurids",2092-09-23,2092-10-10,2092-11-27,"Sep 23 - Nov 27","Oct 10",5,"Very Low"
"1116",2092,"Ursids",2092-12-17,2092-12-22,2092-12-26,"Dec 17 - Dec 26","Dec 22",10,"Very Low"
"1117",2093,"Delta Aquariids",2093-07-12,2093-07-30,2093-08-23,"Jul 12 - Aug 23","Jul 30",25,"Low"
"1118",2093,"Draconids",2093-10-06,2093-10-08,2093-10-10,"Oct 06 - Oct 10","Oct 08",10,"Very Low"
"1119",2093,"Eta Aquariids",2093-04-19,2093-05-06,2093-05-28,"Apr 19 - May 28","May 06",50,"Moderate"
"1120",2093,"Geminids",2093-12-04,2093-12-14,2093-12-20,"Dec 04 - Dec 20","Dec 14",150,"Very High"
"1121",2093,"Leonids",2093-11-06,2093-11-17,2093-11-30,"Nov 06 - Nov 30","Nov 17",15,"Low"
"1122",2093,"Lyrids",2093-04-15,2093-04-22,2093-04-29,"Apr 15 - Apr 29","Apr 22",18,"Low"
"1123",2093,"Northern Taurids",2093-10-13,2093-11-12,2093-12-02,"Oct 13 - Dec 02","Nov 12",5,"Very Low"
"1124",2093,"Orionids",2093-10-02,2093-10-22,2093-11-07,"Oct 02 - Nov 07","Oct 22",20,"Low"
"1125",2093,"Perseids",2093-07-17,2093-08-12,2093-08-24,"Jul 17 - Aug 24","Aug 12",100,"High"
"1126",2093,"Quadrantids",2093-01-01,2093-01-03,2093-01-05,"Jan 01 - Jan 05","Jan 03",120,"Very High"
"1127",2093,"Southern Taurids",2093-09-23,2093-10-10,2093-11-27,"Sep 23 - Nov 27","Oct 10",5,"Very Low"
"1128",2093,"Ursids",2093-12-17,2093-12-22,2093-12-26,"Dec 17 - Dec 26","Dec 22",10,"Very Low"
"1129",2094,"Delta Aquariids",2094-07-12,2094-07-30,2094-08-23,"Jul 12 - Aug 23","Jul 30",25,"Low"
"1130",2094,"Draconids",2094-10-06,2094-10-08,2094-10-10,"Oct 06 - Oct 10","Oct 08",10,"Very Low"
"1131",2094,"Eta Aquariids",2094-04-19,2094-05-06,2094-05-28,"Apr 19 - May 28","May 06",50,"Moderate"
"1132",2094,"Geminids",2094-12-04,2094-12-14,2094-12-20,"Dec 04 - Dec 20","Dec 14",150,"Very High"
"1133",2094,"Leonids",2094-11-06,2094-11-17,2094-11-30,"Nov 06 - Nov 30","Nov 17",15,"Low"
"1134",2094,"Lyrids",2094-04-15,2094-04-22,2094-04-29,"Apr 15 - Apr 29","Apr 22",18,"Low"
"1135",2094,"Northern Taurids",2094-10-13,2094-11-12,2094-12-02,"Oct 13 - Dec 02","Nov 12",5,"Very Low"
"1136",2094,"Orionids",2094-10-02,2094-10-22,2094-11-07,"Oct 02 - Nov 07","Oct 22",20,"Low"
"1137",2094,"Perseids",2094-07-17,2094-08-12,2094-08-24,"Jul 17 - Aug 24","Aug 12",100,"High"
"1138",2094,"Quadrantids",2094-01-01,2094-01-03,2094-01-05,"Jan 01 - Jan 05","Jan 03",120,"Very High"
"1139",2094,"Southern Taurids",2094-09-23,2094-10-10,2094-11-27,"Sep 23 - Nov 27","Oct 10",5,"Very Low"
"1140",2094,"Ursids",2094-12-17,2094-12-22,2094-12-26,"Dec 17 - Dec 26","Dec 22",10,"Very Low"
"1141",2095,"Delta Aquariids",2095-07-12,2095-07-30,2095-08-23,"Jul 12 - Aug 23","Jul 30",25,"Low"
"1142",2095,"Draconids",2095-10-06,2095-10-08,2095-10-10,"Oct 06 - Oct 10","Oct 08",10,"Very Low"
"1143",2095,"Eta Aquariids",2095-04-19,2095-05-06,2095-05-28,"Apr 19 - May 28","May 06",50,"Moderate"
"1144",2095,"Geminids",2095-12-04,2095-12-14,2095-12-20,"Dec 04 - Dec 20","Dec 14",150,"Very High"
"1145",2095,"Leonids",2095-11-06,2095-11-17,2095-11-30,"Nov 06 - Nov 30","Nov 17",15,"Low"
"1146",2095,"Lyrids",2095-04-15,2095-04-22,2095-04-29,"Apr 15 - Apr 29","Apr 22",18,"Low"
"1147",2095,"Northern Taurids",2095-10-13,2095-11-12,2095-12-02,"Oct 13 - Dec 02","Nov 12",5,"Very Low"
"1148",2095,"Orionids",2095-10-02,2095-10-22,2095-11-07,"Oct 02 - Nov 07","Oct 22",20,"Low"
"1149",2095,"Perseids",2095-07-17,2095-08-12,2095-08-24,"Jul 17 - Aug 24","Aug 12",100,"High"
"1150",2095,"Quadrantids",2095-01-01,2095-01-03,2095-01-05,"Jan 01 - Jan 05","Jan 03",120,"Very High"
"1151",2095,"Southern Taurids",2095-09-23,2095-10-10,2095-11-27,"Sep 23 - Nov 27","Oct 10",5,"Very Low"
"1152",2095,"Ursids",2095-12-17,2095-12-22,2095-12-26,"Dec 17 - Dec 26","Dec 22",10,"Very Low"
"1153",2096,"Delta Aquariids",2096-07-12,2096-07-30,2096-08-23,"Jul 12 - Aug 23","Jul 30",25,"Low"
"1154",2096,"Draconids",2096-10-06,2096-10-08,2096-10-10,"Oct 06 - Oct 10","Oct 08",10,"Very Low"
"1155",2096,"Eta Aquariids",2096-04-19,2096-05-06,2096-05-28,"Apr 19 - May 28","May 06",50,"Moderate"
"1156",2096,"Geminids",2096-12-04,2096-12-14,2096-12-20,"Dec 04 - Dec 20","Dec 14",150,"Very High"
"1157",2096,"Leonids",2096-11-06,2096-11-17,2096-11-30,"Nov 06 - Nov 30","Nov 17",15,"Low"
"1158",2096,"Lyrids",2096-04-15,2096-04-22,2096-04-29,"Apr 15 - Apr 29","Apr 22",18,"Low"
"1159",2096,"Northern Taurids",2096-10-13,2096-11-12,2096-12-02,"Oct 13 - Dec 02","Nov 12",5,"Very Low"
"1160",2096,"Orionids",2096-10-02,2096-10-22,2096-11-07,"Oct 02 - Nov 07","Oct 22",20,"Low"
"1161",2096,"Perseids",2096-07-17,2096-08-12,2096-08-24,"Jul 17 - Aug 24","Aug 12",100,"High"
"1162",2096,"Quadrantids",2096-01-01,2096-01-03,2096-01-05,"Jan 01 - Jan 05","Jan 03",120,"Very High"
"1163",2096,"Southern Taurids",2096-09-23,2096-10-10,2096-11-27,"Sep 23 - Nov 27","Oct 10",5,"Very Low"
"1164",2096,"Ursids",2096-12-17,2096-12-22,2096-12-26,"Dec 17 - Dec 26","Dec 22",10,"Very Low"
"1165",2097,"Delta Aquariids",2097-07-12,2097-07-30,2097-08-23,"Jul 12 - Aug 23","Jul 30",25,"Low"
"1166",2097,"Draconids",2097-10-06,2097-10-08,2097-10-10,"Oct 06 - Oct 10","Oct 08",10,"Very Low"
"1167",2097,"Eta Aquariids",2097-04-19,2097-05-06,2097-05-28,"Apr 19 - May 28","May 06",50,"Moderate"
"1168",2097,"Geminids",2097-12-04,2097-12-14,2097-12-20,"Dec 04 - Dec 20","Dec 14",150,"Very High"
"1169",2097,"Leonids",2097-11-06,2097-11-17,2097-11-30,"Nov 06 - Nov 30","Nov 17",15,"Low"
"1170",2097,"Lyrids",2097-04-15,2097-04-22,2097-04-29,"Apr 15 - Apr 29","Apr 22",18,"Low"
"1171",2097,"Northern Taurids",2097-10-13,2097-11-12,2097-12-02,"Oct 13 - Dec 02","Nov 12",5,"Very Low"
"1172",2097,"Orionids",2097-10-02,2097-10-22,2097-11-07,"Oct 02 - Nov 07","Oct 22",20,"Low"
"1173",2097,"Perseids",2097-07-17,2097-08-12,2097-08-24,"Jul 17 - Aug 24","Aug 12",100,"High"
"1174",2097,"Quadrantids",2097-01-01,2097-01-03,2097-01-05,"Jan 01 - Jan 05","Jan 03",120,"Very High"
"1175",2097,"Southern Taurids",2097-09-23,2097-10-10,2097-11-27,"Sep 23 - Nov 27","Oct 10",5,"Very Low"
"1176",2097,"Ursids",2097-12-17,2097-12-22,2097-12-26,"Dec 17 - Dec 26","Dec 22",10,"Very Low"
"1177",2098,"Delta Aquariids",2098-07-12,2098-07-30,2098-08-23,"Jul 12 - Aug 23","Jul 30",25,"Low"
"1178",2098,"Draconids",2098-10-06,2098-10-08,2098-10-10,"Oct 06 - Oct 10","Oct 08",10,"Very Low"
"1179",2098,"Eta Aquariids",2098-04-19,2098-05-06,2098-05-28,"Apr 19 - May 28","May 06",50,"Moderate"
"1180",2098,"Geminids",2098-12-04,2098-12-14,2098-12-20,"Dec 04 - Dec 20","Dec 14",150,"Very High"
"1181",2098,"Leonids",2098-11-06,2098-11-17,2098-11-30,"Nov 06 - Nov 30","Nov 17",15,"Low"
"1182",2098,"Lyrids",2098-04-15,2098-04-22,2098-04-29,"Apr 15 - Apr 29","Apr 22",18,"Low"
"1183",2098,"Northern Taurids",2098-10-13,2098-11-12,2098-12-02,"Oct 13 - Dec 02","Nov 12",5,"Very Low"
"1184",2098,"Orionids",2098-10-02,2098-10-22,2098-11-07,"Oct 02 - Nov 07","Oct 22",20,"Low"
"1185",2098,"Perseids",2098-07-17,2098-08-12,2098-08-24,"Jul 17 - Aug 24","Aug 12",100,"High"
"1186",2098,"Quadrantids",2098-01-01,2098-01-03,2098-01-05,"Jan 01 - Jan 05","Jan 03",120,"Very High"
"1187",2098,"Southern Taurids",2098-09-23,2098-10-10,2098-11-27,"Sep 23 - Nov 27","Oct 10",5,"Very Low"
"1188",2098,"Ursids",2098-12-17,2098-12-22,2098-12-26,"Dec 17 - Dec 26","Dec 22",10,"Very Low"
"1189",2099,"Delta Aquariids",2099-07-12,2099-07-30,2099-08-23,"Jul 12 - Aug 23","Jul 30",25,"Low"
"1190",2099,"Draconids",2099-10-06,2099-10-08,2099-10-10,"Oct 06 - Oct 10","Oct 08",10,"Very Low"
"1191",2099,"Eta Aquariids",2099-04-19,2099-05-06,2099-05-28,"Apr 19 - May 28","May 06",50,"Moderate"
"1192",2099,"Geminids",2099-12-04,2099-12-14,2099-12-20,"Dec 04 - Dec 20","Dec 14",150,"Very High"
"1193",2099,"Leonids",2099-11-06,2099-11-17,2099-11-30,"Nov 06 - Nov 30","Nov 17",15,"Low"
"1194",2099,"Lyrids",2099-04-15,2099-04-22,2099-04-29,"Apr 15 - Apr 29","Apr 22",18,"Low"
"1195",2099,"Northern Taurids",2099-10-13,2099-11-12,2099-12-02,"Oct 13 - Dec 02","Nov 12",5,"Very Low"
"1196",2099,"Orionids",2099-10-02,2099-10-22,2099-11-07,"Oct 02 - Nov 07","Oct 22",20,"Low"
"1197",2099,"Perseids",2099-07-17,2099-08-12,2099-08-24,"Jul 17 - Aug 24","Aug 12",100,"High"
"1198",2099,"Quadrantids",2099-01-01,2099-01-03,2099-01-05,"Jan 01 - Jan 05","Jan 03",120,"Very High"
"1199",2099,"Southern Taurids",2099-09-23,2099-10-10,2099-11-27,"Sep 23 - Nov 27","Oct 10",5,"Very Low"
"1200",2099,"Ursids",2099-12-17,2099-12-22,2099-12-26,"Dec 17 - Dec 26","Dec 22",10,"Very Low"
"1201",2100,"Delta Aquariids",2100-07-12,2100-07-30,2100-08-23,"Jul 12 - Aug 23","Jul 30",25,"Low"
"1202",2100,"Draconids",2100-10-06,2100-10-08,2100-10-10,"Oct 06 - Oct 10","Oct 08",10,"Very Low"
"1203",2100,"Eta Aquariids",2100-04-19,2100-05-06,2100-05-28,"Apr 19 - May 28","May 06",50,"Moderate"
"1204",2100,"Geminids",2100-12-04,2100-12-14,2100-12-20,"Dec 04 - Dec 20","Dec 14",150,"Very High"
"1205",2100,"Leonids",2100-11-06,2100-11-17,2100-11-30,"Nov 06 - Nov 30","Nov 17",15,"Low"
"1206",2100,"Lyrids",2100-04-15,2100-04-22,2100-04-29,"Apr 15 - Apr 29","Apr 22",18,"Low"
"1207",2100,"Northern Taurids",2100-10-13,2100-11-12,2100-12-02,"Oct 13 - Dec 02","Nov 12",5,"Very Low"
"1208",2100,"Orionids",2100-10-02,2100-10-22,2100-11-07,"Oct 02 - Nov 07","Oct 22",20,"Low"
"1209",2100,"Perseids",2100-07-17,2100-08-12,2100-08-24,"Jul 17 - Aug 24","Aug 12",100,"High"
"1210",2100,"Quadrantids",2100-01-01,2100-01-03,2100-01-05,"Jan 01 - Jan 05","Jan 03",120,"Very High"
"1211",2100,"Southern Taurids",2100-09-23,2100-10-10,2100-11-27,"Sep 23 - Nov 27","Oct 10",5,"Very Low"
"1212",2100,"Ursids",2100-12-17,2100-12-22,2100-12-26,"Dec 17 - Dec 26","Dec 22",10,"Very Low"
